"Region","Subregion","Stock","Name","EnglishName","ScientificName","SpecCode","Group","Source","MinOfYear","MaxOfYear","StartYear","EndYear","Flim","Fpa","Blim","Bpa","Bmsy","FMSY","MSY","MSYBtrigger","B40","M","Fofl","F","F ages","SSB","Resilience","r.low","r.hi","stb.low","stb.hi","int.yr","intb.low","intb.hi","endb.low","endb.hi","q.start","q.end","btype","force.cmsy","Comment"
"Northeast Atlantic","Azores","alf-comb","Alfonsinos/golden eye perch (Beryx spp.) in the Northeast Atlantic","Alfonsinos/golden","Beryx spp.",,"Benthic fish & inv.","http://www.ices.dk/sites/pub/Publication%20Reports/Advice/2016/2016/alf-comb.pdf",1988,2015,1988,2015,,,,,,,,,,,,,,,"Low","NA","NA","NA","NA",2003,0.01,0.4,0.01,0.4,"NA","NA","None","F","OK (RF 10.07.16)"
"Northeast Atlantic","Azores","sbr-x","Red (=blackspot) seabream (Pagellus bogaraveo) in Subarea 10 (Azores grounds)","Blackspot seabream","Pagellus bogaraveo",890,"Benthic fish & inv.","http://www.ices.dk/sites/pub/Publication%20Reports/Advice/2016/2016/sbr-x.pdf",1988,2015,1988,2015,,,,,,,,,,,,,,,"Low",0.26,0.76,0.01,0.4,1999,0.2,0.6,0.01,0.4,"NA","NA","None","F","OK (RF 10.07.16)"
"Northeast Atlantic","Baltic Sea","bll-2232","Brill in Subdivisions 22–32 (Baltic Sea)","Brill","Scophthalmus rhombus",529,"Benthic fish & inv.","http://www.ices.dk/sites/pub/Publication%20Reports/Advice/2016/2016/bll-2232.pdf",1970,2015,1995,2015,,,,,,,,,,,,0.875,,19542,"Medium","NA","NA",0.2,0.6,2001,0.01,0.3,0.01,0.3,2005,2010,"CPUE","F","OK (RF 16.06.16)"
"Northeast Atlantic","Baltic Sea","cod-2224","Cod in Sub-division 22 to 24","Atlantic cod","Gadus morhua",69,"Large predators","http://www.ices.dk/sites/pub/Publication%20Reports/Advice/2016/2016/cod-2224.pdf",1970,2015,1970,2015,1.01,0.74,27400,38400,,0.26,,38400,,,,0.875,"3 to 5",19542,"Medium",0.23,0.96,0.4,0.8,2009,0.01,0.25,0.01,0.3,2009,2014,"CPUE","F","OK (RF 16.06.16) r updated"
"Northeast Atlantic","Baltic Sea","cod-2532","Cod in Subdivisions 25–32","Atlantic cod","Gadus morhua",69,"Large predators","http://www.ices.dk/sites/pub/Publication%20Reports/Advice/2016/2016/cod-2532.pdf",1965,2015,1990,2015,,,,,,,,,,,,,,,"Medium",0.23,0.96,0.01,0.4,2003,0.01,0.2,0.01,0.2,"NA","NA","CPUE","F","OK (RF 16.06.16) r updated"
"Northeast Atlantic","Baltic Sea","dab-2232","Dab in Subdivisions 22–32 (Baltic Sea)","Common dab","Limanda limanda",695,"Benthic fish & inv.","http://www.ices.dk/sites/pub/Publication%20Reports/Advice/2016/2016/dab-2232.pdf",1970,2015,1970,2015,,,,,,,,,,,,,,,"Medium",0.24,0.98,"NA","NA","NA","NA","NA","NA","NA","NA","NA","CPUE","F","OK (RF 16.06.16) r updated"
"Northeast Atlantic","Baltic Sea","fle-2223","Flounder in Subdivisions 22–23 (Belts and sound)","European flounder","Platichthys flesus",1341,"Benthic fish & inv.","http://www.ices.dk/sites/pub/Publication%20Reports/Advice/2016/2016/fle-2223.pdf",1973,2015,1998,2015,,,,,,,,,,,,,,87.17,"Medium",0.22,0.97,"NA","NA",2005,0.01,0.4,0.5,0.9,2002,2006,"CPUE","F","OK (RF 16.06.16)"
"Northeast Atlantic","Baltic Sea","fle-2425","Flounder in Subdivisions 24–25 (Southern Baltic Sea)","European flounder","Platichthys flesus",1341,"Benthic fish & inv.","http://www.ices.dk/sites/pub/Publication%20Reports/Advice/2016/2016/fle-2425.pdf",1973,2015,1990,2015,,,,,,,,,,,,,,171,"Medium",0.22,0.97,0.01,0.4,2007,0.01,0.4,0.5,0.9,"NA","NA","CPUE","F","OK (RF 16.06.16)"
"Northeast Atlantic","Baltic Sea","fle-2628","Flounder in Subdivisions 26 and 28 (Eastern Gotland and Gulf of Gdansk)","European flounder","Platichthys flesus",1341,"Benthic fish & inv.","http://www.ices.dk/sites/pub/Publication%20Reports/Advice/2016/2016/fle-2628.pdf",1996,2015,1996,2015,,,,,,,,,,,,,,83.9,"Medium",0.22,0.97,"NA","NA","NA","NA","NA",0.01,0.3,"NA","NA","CPUE","F","OK (RF 16.06.16)"
"Northeast Atlantic","Baltic Sea","fle-2732","Flounder in Subdivisions 27 and 29–32 (Northern Central and Northern Baltic Sea)","Flounder","Platichthys flesus",1341,"Benthic fish & inv.","http://www.ices.dk/sites/pub/Publication%20Reports/Advice/2016/2016/fle-2732.pdf",1980,2015,1980,2015,,,,,,,,,,,,,,4.37,"Medium",0.22,0.97,0.2,0.6,2000,0.01,0.4,0.01,0.3,2000,2010,"CPUE","F","OK (RF 16.06.16)"
"Northeast Atlantic","Baltic Sea","her-2532-gor","Herring in Subdivisions 25 - 29 (excluding Gulf of Riga) and 32","Atlantic herring","Clupea harengus",24,"Plankton feeders","http://www.ices.dk/sites/pub/Publication%20Reports/Advice/2016/2016/her-2532-gor.pdf",1974,2015,1974,2015,0.52,0.41,430000,600000,,0.22,,600000,,,,0.183,"3 to 6",1013132,"Medium",0.156,0.996,0.5,0.9,"NA","NA","NA","NA","NA","NA","NA","CPUE","F","OK (RF 16.06.16)"
"Northeast Atlantic","Baltic Sea","her-30","Herring in Subdivision 30 (Bothnian Sea)","Atlantic herring","Clupea harengus",24,"Plankton feeders","http://www.ices.dk/sites/pub/Publication%20Reports/Advice/2016/2016/her-30.pdf",1973,2015,1990,2015,,,,,,0.15,,316000,,,,0.146,"3 to 7",773747,"Medium",0.156,0.996,0.5,0.9,2000,0.2,0.6,0.5,0.9,2000,2005,"CPUE","F","OK (RF 16.06.16)"
"Northeast Atlantic","Baltic Sea","her-31","Herring in Subdivision 31 (BothnianBay)","Atlantic herring","Clupea harengus",24,"Plankton feeders","http://www.ices.dk/sites/pub/Publication%20Reports/Advice/2016/2016/her-31.pdf",1980,2015,1980,2015,,,,,,,,,,,,0.78,,0.89,"Medium",0.156,0.996,"NA","NA",1995,0.01,0.4,0.2,0.6,"NA","NA","CPUE","F","OK (RF 16.06.16)"
"Northeast Atlantic","Baltic Sea","her-3a22","Herring in Division IIIa and Subdivisions 22 - 24 ","Atlantic herring","Clupea harengus",24,"Plankton feeders","http://www.ices.dk/sites/pub/Publication%20Reports/Advice/2016/2016/her-3a22.pdf",1991,2015,1991,2015,0.52,0.45,90000,110000,,0.32,,110000,,,,0.256,"3 to 6",125744,"Medium",0.156,0.996,0.2,0.6,2011,0.01,0.3,0.01,0.4,2000,2005,"CPUE","F","OK (RF 16.06.16)"
"Northeast Atlantic","Baltic Sea","her-riga","Herring in the Gulf of Riga","Atlantic herring","Clupea harengus",24,"Plankton feeders","http://www.ices.dk/sites/pub/Publication%20Reports/Advice/2016/2016/her-riga.pdf",1977,2015,1977,2015,0.88,0.63,40800,57100,,0.32,,60000,,,,0.4239,"3 to 7",93762,"Medium",0.156,0.996,0.01,0.4,1990,0.2,0.6,0.2,0.6,2007,2012,"CPUE","F","OK (RF 16.06.16)"
"Northeast Atlantic","Baltic Sea","ple-2123","Plaice in Subdivisions 21, 22, and 23 (Kattegat, Belts, and Sound)","European plaice ","Pleuronectes platessa",1342,"Benthic fish & inv.","http://www.ices.dk/sites/pub/Publication%20Reports/Advice/2016/2016/ple-2123.pdf",1999,2015,1999,2015,1.01,0.69,4480,5550,,0.37,,5550,,,,0.167,"3 to 5",15659,"Medium",0.2,0.77,0.01,0.4,"NA","NA","NA","NA","NA","NA","NA","CPUE","F","OK (RF 16.06.16) r updated"
"Northeast Atlantic","Baltic Sea","ple-2432","Plaice in Subdivisions 24-32 (Baltic Sea)","European plaice ","Pleuronectes platessa",1342,"Benthic fish & inv.","http://www.ices.dk/sites/pub/Publication%20Reports/Advice/2016/2016/ple-2432.pdf",2002,2015,2002,2015,,,,,,,,,,,,0.845,,1.687,"Medium",0.2,0.77,0.01,0.4,2008,0.01,0.4,0.5,0.9,2002,2008,"CPUE","F","OK (RF 16.06.16) r updated"
"Northeast Atlantic","Baltic Sea","sal-2231","Salmon in Subdivisions 22-31 (Baltic Sea, excluding Gulf of Finland)","Atlantic salmon","Salmo salar",236,"Large predators","http://www.ices.dk/sites/pub/Publication%20Reports/Advice/2016/2016/sal-2231.pdf",1993,2015,1993,2015,,,,,,,,,,,,,,,"Medium",0.13,1.03,"NA","NA","NA","NA","NA","NA","NA","NA","NA","None","F","OK (RF 16.06.16)"
"Northeast Atlantic","Baltic Sea","sal-32","Salmon in Subdivision 32 (Gulf of Finland)","Atlantic salmon","Salmo salar",236,"Large predators","http://www.ices.dk/sites/pub/Publication%20Reports/Advice/2016/2016/sal-32.pdf",1987,2015,1987,2015,,,,,,,,,,,,,,,"Medium",0.13,1.03,"NA","NA",2005,0.01,0.3,0.01,0.3,"NA","NA","None","F","OK (RF 16.06.16)"
"Northeast Atlantic","Baltic Sea","spr-2232","Sprat in Subdivisions 22 - 32 (Baltic Sea)","European sprat","Sprattus sprattus",1357,"Plankton feeders","http://www.ices.dk/sites/pub/Publication%20Reports/Advice/2016/2016/spr-2232.pdf",1974,2015,1974,2015,0.39,0.32,410000,570000,,0.26,,570000,,,,0.268,"3 to 5",889000,"Medium",0.21,1.11,"NA","NA",1990,0.2,0.6,0.1,0.5,"NA","NA","CPUE","F","OK (RF 16.06.16) r updated"
"Northeast Atlantic","Baltic Sea","trt-bal","Sea trout in Subdivisions 22–32 (Baltic Sea)","Sea trout","Salmo trutta",238,"Large predators","http://www.ices.dk/sites/pub/Publication%20Reports/Advice/2016/2016/trt-bal.pdf",1979,2015,1990,2015,,,,,,,,,,,,,,,"Medium","NA","NA",0.01,0.4,2005,0.01,0.4,0.01,0.3,"NA","NA","None","F","OK (RF 16.06.16)"
"Northeast Atlantic","Baltic Sea","tur-2232","Turbot in Subdivisions 22–32 (Baltic Sea)","Turbot","Scophthalmus maximus",1348,"Benthic fish & inv.","http://www.ices.dk/sites/pub/Publication%20Reports/Advice/2016/2016/tur-2232.pdf",1965,2015,1995,2015,,,,,,,,,,,,,,,"Medium",0.245,0.82,0.01,0.4,2000,0.01,0.4,"NA","NA","NA","NA","CPUE","F","OK (RF 16.06.16)"
"Northeast Atlantic","Barents Sea","cap-bars","Capelin in Subareas I and II (Northeast Arctic), excluding Division IIa west of 5°W","Barents Sea capelin","Mallotus villosus",252,"Plankton feeders","http://www.ices.dk/sites/pub/Publication%20Reports/Advice/2015/2015/cap-bars.pdf",1972,2015,1972,2015,,,200000,,,,,,,,,,,,"Medium",0.17,1.11,0.2,0.6,1987,0.01,0.2,0.01,0.3,1976,1982,"CPUE","F","OK (RF 09.07.16) r updated"
"Northeast Atlantic","Barents Sea","cod-arct","Cod in Subareas I and II (Northeast Arctic cod)","Atlantic cod","Gadus morhua",69,"Large predators","http://www.ices.dk/sites/pub/Publication%20Reports/Advice/2016/2016/cod-arct.pdf",1946,2015,1990,2015,0.74,0.4,220000,460000,,0.4,,460000,,,,0.3855,"5 to 10",1383398,"Medium",0.23,0.96,0.01,0.4,2008,0.01,0.4,0.5,0.9,2004,2008,"CPUE","F","OK (RF 07.07.2016) r updated"
"Northeast Atlantic","Barents Sea","ghl-arct","Greenland halibut in Subareas I and II","Greenland halibut ","Reinhardtius hippoglossoides  ",516,"Benthic fish & inv.","http://ices.dk/sites/pub/Publication%20Reports/Advice/2015/2015/ghl-arct.pdf",1992,2014,1992,2014,,,,,,,,,,,,,,,"Low",0.16,0.68,"NA","NA","NA","NA","NA",0.5,0.9,"NA","NA","CPUE","F","OK (RF 07.07.16)  r updated"
"Northeast Atlantic","Barents Sea","had-arct","Haddock in Subareas I and II (Northeast Arctic)","Haddock ","Melanogrammus aeglefinus ",1381,"Large predators","http://www.ices.dk/sites/pub/Publication%20Reports/Advice/2016/2016/had-arct.pdf",1950,2015,1950,2015,0.77,0.47,50000,80000,,0.35,,80000,,,,0.207,"4 to 7",802109,"Medium",0.23,1,0.01,0.4,2006,0.01,0.4,0.5,0.9,2000,2009,"CPUE","F","OK (RF 07.07.2016) r updated"
"Northeast Atlantic","Barents Sea","lin-arct","Ling in Subareas I and II (Northeast Arctic)","Ling","Molva molva",33,"Benthic fish & inv.","http://www.ices.dk/sites/pub/Publication%20Reports/Advice/2015/2015/lin-arct.pdf",1988,2014,1988,2014,,,,,,,,,,,,,,,"Medium",0.22,0.66,"NA","NA","NA","NA","NA","NA","NA",2000,2004,"CPUE","F","OK (RF 09.07.16) r updated"
"Northeast Atlantic","Barents Sea","pand-barn","Northern shrimp in Subareas I and II (Northeast Arctic) ","Northern shrimp","Pandalus borealis",25892,"Benthic fish & inv.","http://www.ices.dk/sites/pub/Publication%20Reports/Advice/2015/2015/pand-barn.pdf",1970,2014,1970,2014,,,,,,,,,,,,,,,"Medium","NA","NA",0.5,0.9,2003,0.5,0.9,0.2,0.6,2005,2010,"CPUE","F","OK (RF 09.07.16)"
"Northeast Atlantic","Barents Sea","sai-arct","Saithe in Subareas I and II (Northeast Arctic)","Saithe","Pollachius virens",1343,"Large predators","http://www.ices.dk/sites/pub/Publication%20Reports/Advice/2016/2016/sai-arct.pdf",1960,2015,1960,2015,0.58,0.35,136000,220000,,,,,,,,0.266,,356825,"Medium",0.21,0.75,0.5,0.9,1992,0.01,0.4,0.3,0.7,"NA","NA","CPUE","F","OK (RF 07.07.2016)"
"Northeast Atlantic","Barents Sea","smn-arct","Beaked redfish (Sebastes mentella) in Subareas I and II","Beaked redfish","Sebastes mentella",505,"Benthic fish & inv.","http://www.ices.dk/sites/pub/Publication%20Reports/Advice/2014/2014/smn-arct.pdf",1992,2013,1992,2013,,,,,,,,,,,,0.008,,832597,"Low",0.106,0.426,0.01,0.4,2000,0.2,0.6,0.5,0.9,"NA","NA","CPUE","F","OK (RF 09.07.16) r updated"
"Northeast Atlantic","Barents Sea","smr-arct","Golden redfish (Sebastes norvegicus) in subareas 1 and 2 (Northeast Arctic)","Golden redfish","Sebastes norvegicus",501,"Benthic fish & inv.","http://www.ices.dk/sites/pub/Publication%20Reports/Advice/2016/2016/smr-arct.pdf",1990,2015,1990,2015,,,,,,,,,,,,1.392,,0.255,"Low",0.13,0.48,0.2,0.6,1996,0.2,0.6,0.01,0.3,2002,2006,"CPUE","F","OK (RF 07.07.16) r updated"
"Northeast Atlantic","Barents Sea","usk-arct","Tusk in Subareas I and II (Northeast Arctic) ","Tusk","Brosme brosme",51,"Benthic fish & inv.","http://www.ices.dk/sites/pub/Publication%20Reports/Advice/2015/2015/usk-arct.pdf",1988,2014,1988,2014,,,,,,,,,,,,,,,"Low",0.21,0.62,0.2,0.6,2003,0.01,0.4,0.2,0.6,2006,2010,"CPUE","F","OK (RF 07.07.16) r updated"
"Northeast Atlantic","Bay of Biscay and Iberian coast","anb-8c9a","Black-bellied anglerfish in Divisions VIIIc and IXa (Cantabrian Sea, Atlantic Iberian waters)","Black-bellied anglerfish","Lophius budegassa",5094,"Benthic fish & inv.","http://www.ices.dk/sites/pub/Publication%20Reports/Advice/2016/2016/anb-8c9a.pdf",1980,2015,1980,2015,,,,,1,,,,,,,0.517,,1.06,"Low",0.2,0.539,0.2,0.6,2000,0.01,0.4,0.2,0.6,"NA","NA","CPUE","F","OK (RF 10.07.16) r updated"
"Northeast Atlantic","Bay of Biscay and Iberian coast","ane-bisc","Anchovy in  in Subarea VIII (Bay of Biscay) ","European anchovy","Engraulis encrasicolus",66,"Plankton feeders","http://www.ices.dk/sites/pub/Publication%20Reports/Advice/2015/2015/ane-bisc.pdf",1960,2015,1960,2015,,,21000,,,,,,,,,,,,"Medium",0.26,1.16,0.5,0.9,2005,0.01,0.3,0.2,0.6,2010,2014,"CPUE","F","OK (RF 10.07.16) r updated"
"Northeast Atlantic","Bay of Biscay and Iberian coast","ane-pore","Anchovy in Division IXa (Atlantic Iberian Waters) ","European anchovy","Engraulis encrasicolus",66,"Plankton feeders","http://www.ices.dk/sites/pub/Publication%20Reports/Advice/2016/2016/ane-pore.pdf",1988,2015,1988,2015,,,,,,,,,,,,,,27203,"Medium",0.26,1.16,0.01,0.4,2005,0.01,0.3,0.01,0.4,2003,2009,"CPUE","F","OK (RF 14.09.16) Updated; r updated"
"Northeast Atlantic","Bay of Biscay and Iberian coast","anp-78ab","White anglerfish in Divisions  VIIb–k and VIIIa,b,d (Southern Celtic Seas, Bay of Biscay)","Angler","Lophius piscatorius",716,"Benthic fish & inv.","http://www.ices.dk/sites/pub/Publication%20Reports/Advice/2016/2016/anp-78ab.pdf",1986,2015,1986,2015,,,,,,0.61,,19400,,,,,"Fmsy proxy, no data on F",,"Medium",0.145,0.64,0.01,0.4,2000,0.01,0.4,0.01,0.4,2003,2006,"CPUE","F","OK (RF 10.07.16)"
"Northeast Atlantic","Bay of Biscay and Iberian coast","anp-8c9a","White anglerfish in Divisions VIIIc and IXa (Cantabrian Sea, Atlanic Iberian Waters)","Angler","Lophius piscatorius",716,"Benthic fish & inv.","http://www.ices.dk/sites/pub/Publication%20Reports/Advice/2016/2016/anp-8c9a.pdf",1980,2015,1980,2015,0.6,0.43,1900,2600,,0.31,,5400,,,,0.21,"30-130cm",8008,"Medium",0.145,0.64,0.5,0.9,1995,0.01,0.4,0.5,0.9,"NA","NA","CPUE","F","OK (RF 10.07.16)"
"Northeast Atlantic","Bay of Biscay and Iberian coast","Bss-8ab","Sea bass in Divisions VIIIa,b (Bay of Biscay North and Central) ","European seabass","Dicentrarchus labrax",63,"Large predators","http://www.ices.dk/sites/pub/Publication%20Reports/Advice/2015/2015/Bss-8ab.pdf",2000,2014,2000,2014,,,,,,,,,,,,,,1.61,"Medium",0.16,0.88,"NA","NA",2005,0.01,0.4,0.2,0.6,"NA","NA","CPUE","F","OK (RF 10.07.16)"
"Northeast Atlantic","Bay of Biscay and Iberian coast","Bss-8c9a","Sea bass in Divisions VIIIc and IXa (Bay of Biscay South, Atlantic Iberian Waters)","European seabass","Dicentrarchus labrax",63,"Large predators","http://www.ices.dk/sites/pub/Publication%20Reports/Advice/2015/2015/Bss-8c9a.pdf",1978,2014,1978,2014,,,,,,,,,,,,,,,"Medium",0.16,0.88,"NA","NA",2003,0.01,0.4,0.2,0.6,"NA","NA","None","F","OK (RF 10.07.16)"
"Northeast Atlantic","Bay of Biscay and Iberian coast","hke-soth","Hake in Divisions VIIIc and IXa (Southern stock) (Cantabrian Sea, Atlantic Iberian waters)","European hake","Merluccius merluccius",30,"Large predators","http://www.ices.dk/sites/pub/Publication%20Reports/Advice/2016/2016/hke-soth.pdf",1982,2015,1982,2015,1.05,0.75,8000,11100,,0.25,,11100,,,,0.524,"1 to 3",20120,"Medium",0.22,0.95,0.5,0.9,2005,0.01,0.4,0.2,0.6,2000,2005,"CPUE","F","OK (RF 10.07.16) r updated"
"Northeast Atlantic","Bay of Biscay and Iberian coast","hom-soth","Horse mackerel in Division IXa (Atlantic Iberian Waters)","Atlantic horse mackerel","Trachurus trachurus",1365,"Plankton feeders","http://www.ices.dk/sites/pub/Publication%20Reports/Advice/2016/2016/hom-soth.pdf",1992,2015,1992,2015,0.19,0.11,103,181,,0.11,,181,,,,0.0438,"2 to 10",572955,"Medium",0.22,0.977,0.2,0.6,2007,0.2,0.6,0.4,0.8,"NA","NA","CPUE","F","OK (RF 14.09.16) Updated. r updated"
"Northeast Atlantic","Bay of Biscay and Iberian coast","jaa-10","Blue jack mackerel (Trachurus picturatus) in Subdivision Xa2 (Azores)","Blue jack mackerel","Trachurus picturatus",1279,"Plankton feeders","http://www.ices.dk/sites/pub/Publication%20Reports/Advice/2016/2016/jaa-10.pdf",1980,2015,1980,2015,,,,,,,,,,,,,,144.118,"Medium",0.266,0.959,"NA","NA",2001,0.01,0.4,0.01,0.4,"NA","NA","CPUE","F","OK (RF 14.09.16) Updated"
"Northeast Atlantic","Bay of Biscay and Iberian coast","mgb-8c9a","Four-spot megrim in Divisions VIIIc and IXa (Bay of Biscay South, Atlantic Iberian Waters East)","Four-spot megrim","Lepidorhombus boscii",27,"Benthic fish & inv.","http://www.ices.dk/sites/pub/Publication%20Reports/Advice/2016/2016/mgb-8c9a.pdf",1986,2015,1986,2015,0.57,0.41,3300,4600,,0.19,,4600,,,,0.406,"2 to 4",6615,"Low","NA","NA",0.2,0.6,2001,0.01,0.3,0.2,0.6,"NA","NA","CPUE","F","OK (RF 10.07.16)"
"Northeast Atlantic","Bay of Biscay and Iberian coast","mgw-8c9a","Megrim in Divisions VIIIc and IXa","Megrim","Lepidorhombus whiffiagonis",28,"Benthic fish & inv.","http://www.ices.dk/sites/pub/Publication%20Reports/Advice/2016/2016/mgw-8c9a.pdf",1986,2015,1986,2015,0.45,0.32,700,980,,0.19,,980,,,,0.262,"2 to 4",1223,"Low",0.34,1,"NA","NA","NA","NA","NA",0.01,0.4,"NA","NA","CPUE","F","OK (RF 10.07.16)"
"Northeast Atlantic","Bay of Biscay and Iberian coast","nep-2829","Nephrops in FUs 28 and 29","Norway lobster","Nephrops norvegicus",26023,"Benthic fish & inv.","http://www.ices.dk/sites/pub/Publication%20Reports/Advice/2016/2016/nep-2829.pdf",1984,2015,1984,2015,,,,,,"0.30 males, 0.33 females",,,,,,,"Fmsy proxy, no data on F",,"Medium","NA","NA","NA","NA","NA","NA","NA",0.01,0.4,"NA","NA","CPUE","F","OK (RF 10.07.16)"
"Northeast Atlantic","Bay of Biscay and Iberian coast","Neph-IXa","Nephrops in Division Ixa","Norway lobster","Nephrops norvegicus",26023,"Benthic fish & inv.","http://www.ices.dk/sites/pub/Publication%20Reports/Advice/2014/2014/Neph-IXa.pdf",1975,2013,1975,2013,,,,,,,,,,,,,,,"Medium","NA","NA","NA","NA",1992,0.2,0.6,0.01,0.2,"NA","NA","CPUE","F","OK (RF 10.07.16)"
"Northeast Atlantic","Bay of Biscay and Iberian coast","Neph-VIIIab","Nephrops in Divisions VIIIa,b (Bay of Biscay, FUs 23–24)","Norway lobster","Nephrops norvegicus",26023,"Benthic fish & inv.","http://www.ices.dk/sites/pub/Publication%20Reports/Advice/2014/2014/Neph-VIIIab.pdf",1987,2013,1987,2013,,,,,,,,,,,,,,,"Medium","NA","NA","NA","NA",2000,0.01,0.4,0.01,0.4,"NA","NA","None","F","OK (RF 10.07.16)"
"Northeast Atlantic","Bay of Biscay and Iberian coast","Neph-VIIIc","Nephrops in Division VIIIc (North Galicia and Cantabrian Sea, FUs 25 and 31)","Norway lobster","Nephrops norvegicus",26023,"Benthic fish & inv.","http://www.ices.dk/sites/pub/Publication%20Reports/Advice/2014/2014/Neph-VIIIc.pdf",1975,2013,1975,2013,,,,,,,,,,,,,,,"Medium","NA","NA",0.01,0.4,1990,0.2,0.6,0.01,0.3,1985,1992,"CPUE","F","OK (RF 10.07.16)"
"Northeast Atlantic","Bay of Biscay and Iberian coast","ple-89a","Plaice in Subarea VIII and Division IXa (Bay of Biscay, Atlantic Iberian Waters)","European plaice ","Pleuronectes platessa",1342,"Benthic fish & inv.","http://www.ices.dk/sites/pub/Publication%20Reports/Advice/2015/2015/ple-89a.pdf",1994,2014,1994,2014,,,,,,,,,,,,,,,"Medium",0.2,0.77,"NA","NA",2002,0.2,0.6,0.2,0.6,"NA","NA","None","F","OK (RF 10.07.16) r updated"
"Northeast Atlantic","Bay of Biscay and Iberian coast","pol-89a","Pollack in Subarea VIII and Division IXa (Bay of Biscay, Atlantic Iberian Waters)","Pollack","Pollachius pollachius",34,"Large predators","http://www.ices.dk/sites/pub/Publication%20Reports/Advice/2015/2015/pol-89a.pdf",1986,2014,1986,2014,,,,,,,,,,,,,,,"Medium",0.5,1,"NA","NA","NA","NA","NA",0.01,0.4,"NA","NA","None","F","OK (RF 10.07.16)"
"Northeast Atlantic","Bay of Biscay and Iberian coast","rjc-bisc","Thornback ray (Raja clavata) in Subarea VIII (Bay of Biscay and Cantabrian Sea)","Thornback ray","Raja clavata",2059,"Benthic fish & inv.","http://www.ices.dk/sites/pub/Publication%20Reports/Advice/2014/2014/rjc-bisc.pdf",1999,2013,1999,2013,,,,,,,,,,,,,,,"Low",0.024,0.903,0.01,0.3,2008,0.01,0.4,0.01,0.3,2006,2010,"CPUE","F","OK (RF 10.07.16)"
"Northeast Atlantic","Bay of Biscay and Iberian coast","rjc-pore","Thornback ray (Raja clavata) in Division IXa (west of Galicia, Portugal, and Gulf of Cadiz)","Thornback ray","Raja clavata",2059,"Benthic fish & inv.","http://www.ices.dk/sites/pub/Publication%20Reports/Advice/2014/2014/rjc-pore.pdf",2003,2013,2003,2013,,,,,,,,,,,,,,,"Low",0.024,0.903,0.01,0.4,2008,0.01,0.4,0.2,0.6,"NA","NA","CPUE","F","OK (RF 10.07.16)"
"Northeast Atlantic","Bay of Biscay and Iberian coast","rjh-pore","Blond ray in Division IXa","Blond ray","Raja brachyura",4552,"Benthic fish & inv.","Report of WKLIFE IV, ICES CM 2014/ACOM:54",2003,2013,2003,2013,,,,,,,,,,,,,,,"Medium",0.049,0.849,"NA","NA","NA","NA","NA",0.01,0.4,"NA","NA","CPUE","F","OK (RF 10.07.16)"
"Northeast Atlantic","Bay of Biscay and Iberian coast","rjm-pore","Spotted ray (Raja montagui) in Division IXa (west of Galicia, Portugal, and Gulf of Cadiz)","Spotted ray","Raja montagui",4329,"Benthic fish & inv.","http://www.ices.dk/sites/pub/Publication%20Reports/Advice/2014/2014/rjm-pore.pdf",2003,2013,2003,2013,,,,,,,,,,,,,,,"Low",0.082,0.848,0.01,0.4,2007,0.01,0.3,0.01,0.4,2008,2011,"CPUE","F","OK (RF 10.07.16)"
"Northeast Atlantic","Bay of Biscay and Iberian coast","rjn-pore","Cuckoo ray in Division IXa (west of Galicia, Portugal, and Gulf of Cadiz)","Cuckoo ray","Leucoraja naevus",4326,"Benthic fish & inv.","http://www.ices.dk/sites/pub/Publication%20Reports/Advice/2014/2014/rjn-pore.pdf",1998,2013,2002,2013,,,,,,,,,,,,,,,"Low",0.09,0.71,0.01,0.4,"NA","NA","NA",0.01,0.4,2009,2012,"CPUE","F","OK (RF 10.07.16) r updated"
"Northeast Atlantic","Bay of Biscay and Iberian coast","sar-78","Sardine in Divisions VIIIa,b,d and Subarea VII","European pilchard ","Sardina pilchardus",1350,"Plankton feeders","http://www.ices.dk/sites/pub/Publication%20Reports/Advice/2015/2015/sar-78.pdf",1989,2014,1989,2014,,,,,,,,,,,,,,,"Medium",0.27,1.102,0.5,0.9,2007,0.2,0.6,0.5,0.9,"NA","NA","CPUE","F","OK (RF 10.07.16) r updated"
"Northeast Atlantic","Bay of Biscay and Iberian coast","sar-soth","Sardine in Divisions VIIIc and IXa","European pilchard ","Sardina pilchardus",1350,"Plankton feeders","http://www.ices.dk/sites/pub/Publication%20Reports/Advice/2016/2016/sar-soth.pdf",1978,2015,1985,2015,,,,,,,,,,,,,,,"Medium",0.27,1.102,"NA","NA",2000,0.01,0.4,0.01,0.3,"NA","NA","CPUE","F","OK (RF 14.09.16) Updated. r updated"
"Northeast Atlantic","Bay of Biscay and Iberian coast","sbr-ix","Red (=blackspot) seabream in Subarea 9 (Atlantic Iberian waters)","Blackspot seabream","Pagellus bogaraveo",890,"Benthic fish & inv.","http://www.ices.dk/sites/pub/Publication%20Reports/Advice/2016/2016/sbr-ix.pdf",1983,2015,1988,2015,,,,,,,,,,,,,,32,"Low",0.26,0.76,0.2,0.6,2000,0.01,0.4,0.01,0.4,"NA","NA","CPUE","F","OK (RF 10.07.16)"
"Northeast Atlantic","Bay of Biscay and Iberian coast","sol-8c9a","Sole (Solea solea, S. senegalensis, and Pegusa lascaris) in ICES areas Divisions VIIIc and IXa (Cantabrian Sea, Atlantic Iberian Waters)","Sole spp","Solea spp",,"Benthic fish & inv.","http://www.ices.dk/sites/pub/Publication%20Reports/Advice/2015/2015/sol-8c9a.pdf",2000,2014,2000,2014,,,,,,,,,,,,,,,"Medium","NA","NA",0.01,0.4,"NA","NA","NA",0.01,0.4,"NA","NA","None","F","OK (RF 10.07.16)"
"Northeast Atlantic","Bay of Biscay and Iberian coast","sol-bisc","Sole in Divisions VIIIa,b (Bay of Biscay)","Common sole ","Solea solea",525,"Benthic fish & inv.","http://www.ices.dk/sites/pub/Publication%20Reports/Advice/2016/2016/sol-bisc.pdf",1984,2015,1984,2015,0.6,0.43,7600,10600,,0.33,,10600,,,,0.441,"3 to 6",9733,"Medium",0.21,1.02,"NA","NA",2001,0.01,0.4,0.01,0.4,2002,2007,"CPUE","F","OK (RF 10.07.16) r updated"
"Northeast Atlantic","Bay of Biscay and Iberian coast","whg-89a","Whiting in Subarea VIII and Division IXa (Bay of Biscay, Atlantic Iberian Waters)","Whiting","Merlangius merlangus",29,"Large predators","http://www.ices.dk/sites/pub/Publication%20Reports/Advice/2015/2015/whg-89a.pdf",1994,2014,1994,2014,,,,,,,,,,,,,,,"Medium",0.25,1.01,"NA","NA",2008,0.01,0.4,0.01,0.4,"NA","NA","None","F","OK (RF 10.07.16) r updated"
"Northeast Atlantic","Celtic Seas","anb-78ab","Black-bellied anglerfish in Divisions VIIb–k and VIIIa,b,d (West and Southwest of Ireland, Bay of Biscay)","Black-bellied anglerfish","Lophius budegassa",5094,"Benthic fish & inv.","http://www.ices.dk/sites/pub/Publication%20Reports/Advice/2016/2016/anb-78ab.pdf",1986,2015,1986,2015,,,,,,,,,,,,,,0.58,"Low",0.2,0.539,0.2,0.6,"NA","NA","NA",0.2,0.6,"NA","NA","CPUE","F","OK (RF 10.07.16) r updated"
"Northeast Atlantic","Celtic Seas","ang-ivvi","Anglerfish (Lophius piscatorius and L. budegassa) in Subareas IV and VI and Division IIIa (North Sea, Rockall and West of Scotland, Skagerrak and Kattegat)","Anglerfish","Lophius spp.",,"Benthic fish & inv.","http://www.ices.dk/sites/pub/Publication%20Reports/Advice/2015/2015/ang-ivvi.pdf",1973,2014,1973,2014,,,,,,,,,,,,,,52884,"Medium",0.15,0.64,0.2,0.6,2005,0.01,0.4,0.01,0.4,2009,2013,"CPUE","F","OK (RF 10.07.16)"
"Northeast Atlantic","Celtic Seas","bli-5b67","Blue ling in subareas 6–7 and Division 5.b (Celtic Seas, English Channel, and Faroes grounds)","Blue ling","Molva dypterygia",1383,"Benthic fish & inv.","http://www.ices.dk/sites/pub/Publication%20Reports/Advice/2016/2016/bli-5b67.pdf",1966,2015,1966,2015,0.17,0.12,54000,75037,,0.12,,75000,,,,0.034,"9 to 18",92774,"Low",0.194,0.483,0.6,0.9,1995,0.01,0.4,0.2,0.6,2004,2007,"CPUE","F","OK (RF 10.07.16)"
"Northeast Atlantic","Celtic Seas","boc-nea","Boarfish in Subareas VI–VIII (Celtic Seas and the English Channel, Bay of Biscay)","Boarfish","Capros aper",54,"Benthic fish & inv.","http://www.ices.dk/sites/pub/Publication%20Reports/Advice/2015/2015/boc-nea.pdf",2001,2014,2001,2014,,,,,,,,,,,,,,,"Low",0.18,1.69,0.01,0.4,2008,0.01,0.4,0.01,0.4,"NA","NA","CPUE","F","OK (RF 10.07.16) r updated"
"Northeast Atlantic","Celtic Seas","cod-7e-k","Cod in Divisions VIIe-k (Celtic Sea cod)","Atlantic cod","Gadus morhua",69,"Large predators","http://www.ices.dk/sites/pub/Publication%20Reports/Advice/2016/2016/cod-7e-k.pdf",1971,2015,1971,2015,0.8,0.58,7300,10300,,0.35,,10300,,,,0.527,"2 to 5",5872,"Medium",0.23,0.96,"NA","NA","NA","NA","NA",0.01,0.4,"NA","NA","CPUE","F","OK (RF 10.07.16) r updated"
"Northeast Atlantic","Celtic Seas","cod-iris","Cod in Division VIIa (Irish Sea)","Cod","Gadus morhua",69,"Large predators","http://www.ices.dk/sites/pub/Publication%20Reports/Advice/2016/2016/cod-iris.pdf",1968,2015,1968,2015,1.33,0.96,6000,10000,,0.37,,10000,,,,1.077,"2 to 4",4957,"Medium",0.23,0.96,0.2,0.6,1988,0.2,0.6,0.01,0.25,1978,1988,"CPUE","F","OK (RF 14.09.16). Discards 2007 ff added to landings. Harvest rate strongly underestimates final F. r updated"
"Northeast Atlantic","Celtic Seas","cod-scow","Cod in Division VIa (West of Scotland) ","Atlantic cod","Gadus morhua",69,"Large predators","http://www.ices.dk/sites/pub/Publication%20Reports/Advice/2015/2015/cod-scow.pdf",1981,2014,1981,2014,0.8,0.6,14000,22000,,0.19,,22000,,,,0.891,"2 to 5",3363,"Medium",0.23,0.96,"NA","NA",2005,0.01,0.3,0.01,0.2,1995,2000,"CPUE","F","OK (RF 10.07.16) r updated"
"Northeast Atlantic","Celtic Seas","had-7b-k","Haddock in Divisions VIIb,c,e-k","Haddock ","Melanogrammus aeglefinus ",1381,"Large predators","http://www.ices.dk/sites/pub/Publication%20Reports/Advice/2016/2016/had-7b-k.pdf",1993,2015,1993,2015,1.41,0.89,6700,10000,,0.4,,10000,,,,0.519,"3 to F",38229,"Medium",0.23,1,"NA","NA",2005,0.2,0.6,0.4,0.8,2005,2008,"CPUE","F","OK (RF 10.07.16) r updated"
"Northeast Atlantic","Celtic Seas","had-iris","Haddock in Division VIIa (Irish Sea)","Haddock ","Melanogrammus aeglefinus ",1381,"Large predators","http://www.ices.dk/sites/pub/Publication%20Reports/Advice/2016/2016/had-iris.pdf",1995,2015,1995,2015,,,,,,,,3300,,,,,"Fmsy proxy, no data on F",2.077,"Medium",0.23,1,0.01,0.3,2010,0.01,0.3,0.01,0.4,2003,2007,"CPUE","F","OK (RF 10.07.16) r updated"
"Northeast Atlantic","Celtic Seas","her-67bc","Herring in Divisions VIa and VIIb,c (West of Scotland, West of Ireland)","Atlantic herring","Clupea harengus",24,"Plankton feeders","http://www.ices.dk/sites/pub/Publication%20Reports/Advice/2016/2016/her-67bc.pdf",1957,2015,1957,2015,0.3,0.18,250000,410000,,0.16,,410000,,,,0.071,"3 to 6",250196,"Medium",0.156,0.996,0.2,0.6,2001,0.2,0.6,0.01,0.4,"NA","NA","CPUE","F","OK (RF 10.07.16)"
"Northeast Atlantic","Celtic Seas","her-irls","Herring in Division VIIa South of 52° 30’ N and VIIg,h,j,k","Atlantic herring","Clupea harengus",24,"Plankton feeders","http://www.ices.dk/sites/pub/Publication%20Reports/Advice/2016/2016/her-irls.pdf",1958,2015,1958,2015,0.61,0.37,33000,54000,,0.26,,54000,,,,0.19,"2 to 5",101382,"Medium",0.156,0.996,"NA","NA",2002,0.01,0.4,0.5,0.9,"NA","NA","CPUE","F","OK (RF 10.07.16)"
"Northeast Atlantic","Celtic Seas","her-nirs","Herring in Division VIIa North of 52° 30’ N (Irish Sea)","Atlantic herring","Clupea harengus",24,"Plankton feeders","http://www.ices.dk/sites/pub/Publication%20Reports/Advice/2016/2016/her-nirs.pdf",1961,2015,1961,2015,,,6000,9500,,0.26,,9500,,,,0.263,"4 to 6",13243,"Medium",0.156,0.996,"NA","NA","NA","NA","NA",0.1,0.5,"NA","NA","CPUE","F","OK (RF 10.07.16)"
"Northeast Atlantic","Celtic Seas","mgw-78","Megrim in Divisions VIIb–k and VIIIa, b, d (West and Southwest of Ireland, Bay of Biscay)","Megrim","Lepidorhombus whiffiagonis",28,"Benthic fish & inv.","http://www.ices.dk/sites/pub/Publication%20Reports/Advice/2016/2016/mgw-78.pdf",1984,2015,1984,2015,0.53,0.45,37100,41800,,0.191,,41800,,,,0.216,"3 to 6",69448,"Medium",0.34,1,"NA","NA",2006,0.01,0.4,0.3,0.7,1993,2000,"CPUE","F","OK (RF 10.07.16)"
"Northeast Atlantic","Celtic Seas","nep-11","Norway lobster in Division VIa – FU 11 (West of Scotland, North Minch)","Norway lobster","Nephrops norvegicus",26023,"Benthic fish & inv.","http://www.ices.dk/sites/pub/Publication%20Reports/Advice/2015/2015/nep-11.pdf",1990,2014,1990,2014,,,,,,,,,,,,,,,"Mediem ","NA","NA",0.01,0.4,2003,0.2,0.6,0.01,0.4,"NA","NA","CPUE","F","OK (RF 10.07.16)"
"Northeast Atlantic","Celtic Seas","nep-12","Norway lobster in Division VIa – FU 12 (West of Scotland, South Minch)","Norway lobster","Nephrops norvegicus",26023,"Benthic fish & inv.","http://www.ices.dk/sites/pub/Publication%20Reports/Advice/2015/2015/nep-12.pdf",1990,2014,1990,2014,,,,,,,,,,,,,,,"Medium","NA","NA",0.01,0.4,2004,0.2,0.6,0.01,0.4,2000,2003,"CPUE","F","OK (RF 10.07.16)"
"Northeast Atlantic","Celtic Seas","nep-13","Norway lobster in Division VIa – FU 13 (West of Scotland, the Firth of Clyde, and the Sound of Jura)","Norway lobster","Nephrops norvegicus",26023,"Benthic fish & inv.","http://www.ices.dk/sites/pub/Publication%20Reports/Advice/2015/2015/nep-13.pdf",1990,2014,1990,2014,,,,,,,,,,,,,,,"Medium","NA","NA",0.01,0.4,2004,0.2,0.6,0.3,0.7,2000,2005,"CPUE","F","OK (RF 10.07.16)"
"Northeast Atlantic","Celtic Seas","nep-14","Norway lobster in Division VIIa – FU 14 (Irish Sea, East)","Norway lobster","Nephrops norvegicus",26023,"Benthic fish & inv.","http://www.ices.dk/sites/pub/Publication%20Reports/Advice/2015/2015/nep-14.pdf",2000,2014,2000,2014,,,,,,,,,,,,,,,"Medium","NA","NA",0.01,0.4,2012,0.2,0.6,0.1,0.4,2008,2011,"CPUE","F","OK (RF 10.07.16)"
"Northeast Atlantic","Celtic Seas","nep-15","Norway lobster in Division  VIIa – FU 15 (Irish Sea, West)","Norway lobster","Nephrops norvegicus",26023,"Benthic fish & inv.","http://www.ices.dk/sites/pub/Publication%20Reports/Advice/2015/2015/nep-15.pdf",1965,2014,1965,2014,,,,,,,,,,,,,,,"Medium","NA","NA",0.5,0.9,2000,0.2,0.6,0.2,0.6,"NA","NA","CPUE","F","OK (RF 10.07.16)"
"Northeast Atlantic","Celtic Seas","nep-16","Norway lobster in Divisions VIIb, VIIc, VIIj, and VIIk – FU 16 (West and Southwest of Ireland, Porcupine Bank)  ","Norway lobster","Nephrops norvegicus",26023,"Benthic fish & inv.","http://www.ices.dk/sites/pub/Publication%20Reports/Advice/2015/2015/nep-16.pdf",1971,2014,1971,2014,,,,,,,,,,,,,,,"Medium","NA","NA","NA","NA",2000,0.01,0.4,0.01,0.3,2012,2014,"CPUE","F","OK (RF 10.07.16)"
"Northeast Atlantic","Celtic Seas","nep-17","Norway lobster in Division VIIb – FU 17 (West of Ireland, Aran Grounds)","Norway lobster","Nephrops norvegicus",26023,"Benthic fish & inv.","http://www.ices.dk/sites/pub/Publication%20Reports/Advice/2015/2015/nep-17.pdf",1988,2014,1988,2014,,,,,,,,,,,,,,,"Medium","NA","NA","NA","NA",2006,0.01,0.4,0.01,0.4,"NA","NA","CPUE","F","OK (RF 10.07.16)"
"Northeast Atlantic","Celtic Seas","nep-19","Norway lobster in Divisions  VIIa, VIIg, and VIIj – FU 19 (Irish Sea, Celtic Sea, Eastern Southwest of Ireland)","Norway lobster","Nephrops norvegicus",26023,"Benthic fish & inv.","http://www.ices.dk/sites/pub/Publication%20Reports/Advice/2015/2015/nep-19.pdf",1989,2014,1989,2014,,,,,,,,,,,,,,,"Medium","NA","NA","NA","NA","NA","NA","NA",0.01,0.4,2011,2014,"CPUE","F","OK (RF 10.07.16)"
"Northeast Atlantic","Celtic Seas","nep-2021","Norway lobster in Divisions VIIg and VIIh – FUs 20 and 21 (Celtic Sea)","Norway lobster","Nephrops norvegicus",26023,"Benthic fish & inv.","http://www.ices.dk/sites/pub/Publication%20Reports/Advice/2015/2015/nep-2021.pdf",1995,2014,1995,2014,,,,,,,,,,,,,,,"Medium","NA","NA","NA","NA",1999,0.01,0.4,0.01,0.4,2013,2014,"CPUE","F","OK (RF 10.07.16)"
"Northeast Atlantic","Celtic Seas","nep-22","Norway lobster in Divisions VIIg and VIIf – FU 22 (Celtic Sea, Bristol Channel)","Norway lobster","Nephrops norvegicus",26023,"Benthic fish & inv.","http://www.ices.dk/sites/pub/Publication%20Reports/Advice/2015/2015/nep-22.pdf",1999,2014,1999,2014,,,,,,,,,,,,,,,"Medium","NA","NA","NA","NA",2009,0.1,0.5,0.3,0.7,"NA","NA","CPUE","F","OK (RF 10.07.16)"
"Northeast Atlantic","Celtic Seas","nep-oth-6a","Norway lobster in DivisionVIa, outside the functional units (West of Scotland)","Norway lobster","Nephrops norvegicus",26023,"Benthic fish & inv.","http://www.ices.dk/sites/pub/Publication%20Reports/Advice/2015/2015/nep-oth-6a.pdf",1982,2014,1990,2014,,,,,,,,,,,,,,,"Medium","NA","NA",0.01,0.4,1998,0.01,0.4,0.01,0.4,"NA","NA","None","F","OK (RF 10.07.16)"
"Northeast Atlantic","Celtic Seas","nep-oth-7","Norway lobster in  Subarea VII – Functional Unit 18 and rectangles outside the functional units (Southern Celtic Seas, Southwest of Ireland)","Norway lobster","Nephrops norvegicus",26023,"Benthic fish & inv.","http://www.ices.dk/sites/pub/Publication%20Reports/Advice/2015/2015/nep-oth-7.pdf",1995,2014,1995,2014,,,,,,,,,,,,,,,"Medium","NA","NA","NA","NA","NA","NA","NA",0.01,0.3,"NA","NA","None","F","OK (RF 10.07.16)"
"Northeast Atlantic","Celtic Seas","ple-7b-c","Plaice in Divisions  VIIb,c (West of Ireland)","European plaice ","Pleuronectes platessa",1342,"Benthic fish & inv.","http://www.ices.dk/sites/pub/Publication%20Reports/Advice/2015/2015/ple-7b-c.pdf",1908,2014,1965,2014,,,,,,,,,,,,,,,"Medium",0.2,0.77,0.5,0.9,1972,0.2,0.6,0.01,0.3,"NA","NA","None","F","OK (RF 10.07.16) r updated"
"Northeast Atlantic","Celtic Seas","ple-7h-k","Plaice in Divisions  VIIh–k (Celtic Sea South, Southwest of Ireland)","European plaice ","Pleuronectes platessa",1342,"Benthic fish & inv.","http://www.ices.dk/sites/pub/Publication%20Reports/Advice/2016/2016/ple-7h-k.pdf",1993,2015,1993,2015,,,,,,0.25,,,,,,1.11,"4 to 6",0.225,"Medium",0.2,0.77,"NA","NA",2003,0.01,0.4,0.01,0.2,2008,2013,"CPUE","F","OK (RF 10.07.16) r updated"
"Northeast Atlantic","Celtic Seas","ple-celt","Plaice in Divisions VIIf,g (Celtic Sea)","European plaice ","Pleuronectes platessa",1342,"Benthic fish & inv.","http://www.ices.dk/sites/pub/Publication%20Reports/Advice/2016/2016/ple-celt.pdf",1995,2015,1995,2015,,,,,,0.27,,3800,,,,,"Fmsy proxy, no data on F",3.745,"Medium",0.2,0.77,0.01,0.4,"NA","NA","NA",0.5,0.9,2005,2010,"CPUE","F","OK (RF 10.07.16) r updated"
"Northeast Atlantic","Celtic Seas","ple-echw","Plaice in Division VIIe (Western Channel)","European plaice ","Pleuronectes platessa",1342,"Benthic fish & inv.","http://www.ices.dk/sites/pub/Publication%20Reports/Advice/2016/2016/ple-echw.pdf",1980,2015,1980,2015,,,,,,0.56,,1910,,,,0.347,"3 to 6",2.041,"Medium",0.2,0.77,"NA","NA","NA","NA","NA",0.5,0.9,1995,2005,"CPUE","F","OK (RF 10.07.16) r updated"
"Northeast Atlantic","Celtic Seas","ple-iris","Plaice in Divisionn VIIa (Irish Sea)","European plaice ","Pleuronectes platessa",1342,"Benthic fish & inv.","http://www.ices.dk/sites/pub/Publication%20Reports/Advice/2016/2016/ple-iris.pdf",1993,2015,1993,2015,,,,,,0.5,,3700,,,,0.273,"3 to 6",2.206,"Medium",0.2,0.77,0.2,0.6,2005,0.2,0.6,0.5,0.9,2003,2009,"CPUE","F","OK (RF 10.07.16) r updated"
"Northeast Atlantic","Celtic Seas","pol-celt","Pollack in Subareas VI-VII (Celtic Seas and the English Channel)","Pollack","Pollachius pollachius",34,"Large predators","http://www.ices.dk/sites/pub/Publication%20Reports/Advice/2015/2015/pol-celt.pdf",1986,2014,1986,2014,,,,,,,,,,,,,,,"Medium",0.5,1,0.2,0.6,2005,0.01,0.4,0.01,0.4,"NA","NA","None","F","OK (RF 10.07.16)"
"Northeast Atlantic","Celtic Seas","rng-5b67","Roundnose grenadier in in Divisions Xb and XIIc, and Subdivisions XIIa1, XIVb1, and Va1 (Oceanic Northeast Atlantic and Northern Reykjanes Ridge)","Roundnose grenadier","Coryphaenoides rupestris",332,"Benthic fish & inv.","http://www.ices.dk/sites/pub/Publication%20Reports/Advice/2016/2016/rng-5b67.pdf",1988,2015,1988,2015,,,,,1,,,,,,,0.25,,0.58,"Very low",0.11,0.71,0.7,0.99,2000,0.3,0.7,0.01,0.4,"NA","NA","CPUE","F","OK (RF 10.07.16) r updated"
"Northeast Atlantic","Celtic Seas","sbr-678","Red (= blackspot) seabream in subareas 6, 7, and 8 (Celtic Seas and the English Channel, Bay of Biscay)","Blackspot seabream","Pagellus bogaraveo",890,"Benthic fish & inv.","http://www.ices.dk/sites/pub/Publication%20Reports/Advice/2016/2016/sbr-678.pdf",1988,2015,1988,2015,,,,,,,,,,,,,,,"Low",0.26,0.76,0.01,0.3,1996,0.01,0.2,0.01,0.2,"NA","NA","None","F","OK (RF 10.07.16)"
"Northeast Atlantic","Celtic Seas","sol-7b-c","Sole (Solea solea) in Divisions VIIb,c (West of Ireland)","Sole","Solea solea",525,"Benthic fish & inv.","http://www.ices.dk/sites/pub/Publication%20Reports/Advice/2015/2015/sol-7b-c.pdf",1908,2014,1970,2014,,,,,,,,,,,,,,,"Medium",0.21,1.02,0.01,0.3,2000,0.01,0.4,0.01,0.4,"NA","NA","None","F","OK (RF 10.07.16) r updated"
"Northeast Atlantic","Celtic Seas","sol-7h-k","Sole in Divisions VIIh–k (Celtic Sea South, Southwest of Ireland)","Common sole ","Solea solea",525,"Benthic fish & inv.","http://www.ices.dk/sites/pub/Publication%20Reports/Advice/2016/2016/sol-7h-k.pdf",1993,2015,1993,2015,,,,,,0.17,,,,,,0.489,"3 to 6",1.146,"Medium",0.21,1.02,0.2,0.6,2009,0.01,0.4,0.2,0.6,2007,2009,"CPUE","F","OK (RF 10.07.16) r updated"
"Northeast Atlantic","Celtic Seas","sol-celt","Sole in Divisions VIIf, g (Celtic Sea)","Common sole ","Solea solea",525,"Benthic fish & inv.","http://www.ices.dk/sites/pub/Publication%20Reports/Advice/2016/2016/sol-celt.pdf",1971,2015,1971,2015,0.48,0.34,1700,2400,,0.27,,2400,,,,0.305,"4 to 8",2714,"Medium",0.21,1.02,0.5,0.9,1998,0.01,0.4,0.3,0.7,2000,2005,"CPUE","F","OK (RF 10.07.16) r updated"
"Northeast Atlantic","Celtic Seas","sol-echw","Sole in Division VIIe (Western Channel)","Common sole ","Solea solea",525,"Benthic fish & inv.","http://www.ices.dk/sites/pub/Publication%20Reports/Advice/2016/2016/sol-echw.pdf",1969,2015,1969,2015,0.44,0.32,2000,2900,,0.29,,2900,,,,0.196,"3 to 9",3977,"Medium",0.21,1.02,"NA","NA",1990,0.2,0.6,0.2,0.6,1998,2003,"CPUE","F","OK (RF 10.07.16) r updated"
"Northeast Atlantic","Celtic Seas","sol-iris","Sole in Division VIIa (Irish Sea)","Common sole ","Solea solea",525,"Benthic fish & inv.","http://www.ices.dk/sites/pub/Publication%20Reports/Advice/2016/2016/sol-iris.pdf",1970,2015,1970,2015,0.29,0.21,2500,3500,,0.2,,3500,,,,0.075,"4 to 7",1337,"Medium",0.21,1.02,0.01,0.4,2000,0.01,0.4,0.01,0.2,1995,2000,"CPUE","F","OK (RF 10.07.16) r updated"
"Northeast Atlantic","Celtic Seas","spr-celt","Sprat in  in Subarea VI and Divisions VIIa–c and f–k (West of Scotland, Southern Celtic Seas)","European sprat","Sprattus sprattus",1357,"Plankton feeders","http://www.ices.dk/sites/pub/Publication%20Reports/Advice/2015/2015/spr-celt.pdf",1985,2014,1985,2014,,,,,,,,,,,,,,,"Medium",0.21,1.11,"NA","NA",2006,0.01,0.4,0.01,0.4,"NA","NA","None","F","OK (RF 10.07.16) r updated"
"Northeast Atlantic","Celtic Seas","spr-ech","Sprat in Divisions VIId,e (English Channel)","European sprat","Sprattus sprattus",1357,"Plankton feeders","http://www.ices.dk/sites/pub/Publication%20Reports/Advice/2016/2016/spr-ech.pdf",1985,2015,1985,2015,,,,,,,,,,,,0.06,,60011,"Medium",0.21,1.11,0.01,0.4,2003,0.01,0.4,0.5,0.9,2005,2010,"CPUE","F","OK (RF 10.07.16) r updated"
"Northeast Atlantic","Celtic Seas","whg-7e-k","Whiting in Division VIIe-k","Whiting ","Merlangius merlangus ",29,"Large predators","http://www.ices.dk/sites/pub/Publication%20Reports/Advice/2016/2016/whg-7e-k.pdf",1999,2015,1999,2015,1.12,0.8,25000,35000,,0.52,,35000,,,,0.382,"2 to 5",83393,"Medium",0.25,1.01,0.01,0.4,"NA","NA","NA",0.4,0.8,2005,2010,"CPUE","F","OK (RF 10.07.16) r updated"
"Northeast Atlantic","Celtic Seas","whg-iris","Whiting in Division VIIa (Irish Sea)","Whiting ","Merlangius merlangus ",29,"Large predators","http://www.ices.dk/sites/pub/Publication%20Reports/Advice/2016/2016/whg-iris.pdf",1988,2015,1988,2015,,,,,,,,,,,,,,0.21,"Medium",0.25,1.01,"NA","NA",2005,0.01,0.3,0.01,0.3,1997,2000,"CPUE","F","OK (RF 10.07.16) r updated"
"Northeast Atlantic","Celtic Seas","whg-scow","Whiting in Division VIa (West of Scotland)","Whiting ","Merlangius merlangus ",29,"Large predators","http://www.ices.dk/sites/pub/Publication%20Reports/Advice/2016/2016/whg-scow.pdf",1981,2015,1981,2015,0.27,0.19,31900,44600,,0.18,,44600,,,,0.057,"2 to 4",10020,"Medium",0.25,1.01,0.5,0.9,"NA","NA","NA","NA","NA","NA","NA","CPUE","F","OK (RF 10.07.16) r updated"
"Northeast Atlantic","Faroes","arg-5b6a","Greater silver smelt in Divisions Vb and VIa (Faroes grounds, West of Scotland)","Greater silver smelt","Argentina silus",2700,"Benthic fish & inv.","http://www.ices.dk/sites/pub/Publication%20Reports/Advice/2015/2015/arg-5b6a.pdf",1988,2014,1988,2014,,,,,,,,,,,,,,,"Medium",0.125,0.675,"NA","NA",2002,0.01,0.3,0.01,0.4,"NA","NA","CPUE","F","OK (RF 12.07.16)"
"Northeast Atlantic","Faroes","cod-farb","Cod in Subdivision Vb2 (Faroe Bank)","Atlantic cod","Gadus morhua",69,"Large predators","http://www.ices.dk/sites/pub/Publication%20Reports/Advice/2016/2016/cod-farb.pdf",1990,2015,1990,2015,,,,,,,,,,,,,,,"Medium",0.23,0.96,0.01,0.4,2002,0.01,0.4,0.01,0.2,1996,2002,"CPUE","F","OK (RF 12.07.16) Abundance in Summer Survey read off graph. r updated"
"Northeast Atlantic","Faroes","cod-farp","Cod in Subdivision Vb1 (Faroe Plateau)","Atlantic cod","Gadus morhua",69,"Large predators","http://www.ices.dk/sites/pub/Publication%20Reports/Advice/2016/2016/cod-farp.pdf",1959,2015,1961,2015,0.68,0.35,21000,40000,,0.32,,40000,,,,0.46,"3 to 7",19729,"Medium",0.23,0.96,"NA","NA","NA","NA","NA","NA","NA","NA","NA","CPUE","F","OK (RF 12.07.16) r updated"
"Northeast Atlantic","Faroes","had-faro","Haddock in Division Vb","Haddock ","Melanogrammus aeglefinus ",1381,"Large predators","http://www.ices.dk/sites/pub/Publication%20Reports/Advice/2016/2016/had-faro.pdf",1957,2015,1957,2015,0.4,0.25,22000,35000,,0.25,,35000,,,,0.256,"3 to 7",17455,"Medium",0.23,1,0.2,0.6,2000,0.2,0.6,0.01,0.4,"NA","NA","CPUE","F","OK (RF 12.07.16) r updated"
"Northeast Atlantic","Faroes","lin-faro","Ling in Division Vb (Faroes Grounds)","Ling","Molva molva",33,"Benthic fish & inv.","http://www.ices.dk/sites/pub/Publication%20Reports/Advice/2015/2015/lin-faro.pdf",1988,2014,1988,2014,,,,,,,,,,,,,,,"Medium",0.22,0.66,"NA","NA",2004,0.2,0.6,0.5,0.9,2005,2009,"CPUE","F","OK (RF 12.07.16) r updated"
"Northeast Atlantic","Faroes","sai-faro","Saithe in Division Vb (Faroe Saithe)","Saithe","Pollachius virens",1343,"Large predators","http://www.ices.dk/sites/pub/Publication%20Reports/Advice/2016/2016/sai-faro.pdf",1961,2015,1961,2015,,0.3,,55000,,0.3,,55000,,,,0.251,"4 to 8",77216,"Medium",0.21,0.75,"NA","NA",2004,0.5,0.9,"NA","NA","NA","NA","CPUE","F","OK (RF 12.07.16)"
"Northeast Atlantic","Greater North Sea","bll-nsea","Brill in Subarea IV, Divisions IIIa and VIId,e","Brill","Scophthalmus rhombus",529,"Benthic fish & inv.","http://www.ices.dk/sites/pub/Publication%20Reports/Advice/2015/2015/bll-nsea.pdf",1987,2014,1987,2014,,,,,,,,,,,,,,46.3,"Medium","NA","NA","NA","NA",2005,0.01,0.4,0.2,0.6,1995,2001,"CPUE","F","OK (RF 11.07.16)"
"Northeast Atlantic","Greater North Sea","Bss-47","Seabass in Divisions IVb and c, VIIa, and VIId–h (Central and South North Sea, Irish Sea, English Channel, Bristol Channel, Celtic Sea)","European seabass","Dicentrarchus labrax",63,"Large predators","http://www.ices.dk/sites/pub/Publication%20Reports/Advice/2016/2016/bss-47.pdf",1985,2015,1985,2015,,,8075,12673,,,,12673,,,,0.303,,9084,"Low",0.16,0.88,"NA","NA",2000,0.01,0.4,0.01,0.4,2000,2005,"CPUE","F","OK (RF 11.07.16)"
"Northeast Atlantic","Greater North Sea","cod-347d","Cod in Subarea IV (North Sea), Divison VIId and IIIa West","Atlantic cod","Gadus morhua",69,"Large predators","http://www.ices.dk/sites/pub/Publication%20Reports/Advice/2016/2016/cod-347d.pdf",1963,2015,1963,2015,0.58,0.41,118000,165000,,0.33,,165000,,,,0.385,"2 to 4",151146,"Medium",0.23,0.96,0.2,0.6,2005,0.01,0.1,0.01,0.4,1993,1996,"CPUE","F","OK (RF 11.07.16). Final F much too low; probably discards are underestimated (RF 28.04.2016) r updated"
"Northeast Atlantic","Greater North Sea","cod-kat","Cod in Division IIIa East (Kattegat)","Atlantic cod","Gadus morhua",69,"Large predators","http://www.ices.dk/sites/pub/Publication%20Reports/Advice/2016/2016/cod-kat.pdf",1971,2015,1971,2015,,,,,,,,,,,,0.391,,1.795,"Medium",0.23,0.96,"NA","NA",1997,0.01,0.3,0.01,0.3,1997,2001,"CPUE","F","OK (RF 11.07.16) r updated"
"Northeast Atlantic","Greater North Sea","dab-nsea","Dab in Subarea IV and Division IIIa","Common dab","Limanda limanda",695,"Benthic fish & inv.","http://www.ices.dk/sites/pub/Publication%20Reports/Advice/2015/2015/dab-nsea.pdf",1950,2014,1950,2014,,,,,,,,,,,,,,34.56,"Medium",0.24,0.98,"NA","NA",2000,0.2,0.6,0.5,0.9,2000,2005,"CPUE","F","OK (RF 11.07.16) r updated"
"Northeast Atlantic","Greater North Sea","fle-nsea","Flounder in Division IIIa and Subarea IV","European flounder","Platichthys flesus",1341,"Benthic fish & inv.","http://www.ices.dk/sites/pub/Publication%20Reports/Advice/2015/2015/fle-nsea.pdf",1983,2014,1983,2014,,,,,,,,,,,,,,2.44,"Medium",0.22,0.97,"NA","NA",2000,0.2,0.6,"NA","NA","NA","NA","CPUE","F","OK (RF 11.07.16)"
"Northeast Atlantic","Greater North Sea","had-346a","Haddock in Sub-area IV (North Sea) and Division IIIa West and VIa ","Haddock ","Melanogrammus aeglefinus ",1381,"Large predators","http://www.ices.dk/sites/pub/Publication%20Reports/Advice/2015/2015/had-346a.pdf",1972,2014,1972,2014,,,63000,88000,,0.37,,88000,,,,0.241,"2 to 4",155910,"Medium",0.23,1,0.5,0.9,"NA","NA","NA",0.01,0.3,1992,1998,"CPUE","F","OK (RF 11.07.16) r updated"
"Northeast Atlantic","Greater North Sea","her-47d3","Herring in Subarea IV and Divisions IIIa and VIId ","Atlantic herring","Clupea harengus",24,"Plankton feeders","http://www.ices.dk/sites/pub/Publication%20Reports/Advice/2016/2016/her-47d3.pdf",1947,2015,1977,2015,0.39,0.34,800000,1000000,,0.33,,1500000,,,,0.242,"2 to 6",1803068,"Medium",0.156,0.996,0.01,0.2,1995,0.2,0.6,0.5,0.9,"NA","NA","CPUE","F","OK (RF 11.07.16)"
"Northeast Atlantic","Greater North Sea","hom-nsea","Horse mackerel in Divisions IIIa, IVb,c, and VIId (Skagerrak and Kattegat, Southern and Central North Sea, Eastern English Channel)","Atlantic horse mackerel","Trachurus trachurus",1365,"Plankton feeders","http://www.ices.dk/sites/pub/Publication%20Reports/Advice/2015/2015/hom-nsea.pdf",1982,2014,1984,2014,,,,,,,,,,,,,,,"Medium",0.22,0.977,0.5,0.9,2005,0.2,0.6,0.01,0.3,2003,2007,"CPUE","F","OK (RF 11.07.16) r updated"
"Northeast Atlantic","Greater North Sea","lem-nsea","Lemon sole in Subarea IV (North Sea) and Divisions IIIa (Skagerrak–Kattegat) and VIId (Eastern Channel)","Lemon sole","Microstomus kitt",1382,"Benthic fish & inv.","http://www.ices.dk/sites/pub/Publication%20Reports/Advice/2015/2015/lem-nsea.pdf",1975,2014,1975,2014,,,,,,,,,,,,,,1.553,"Medium",0.214,0.867,"NA","NA","NA","NA","NA","NA","NA","NA","NA","CPUE","F","OK (RF 11.07.16)"
"Northeast Atlantic","Greater North Sea","meg-4a6a","Megrim in Divisions IVa and VIa (Northern North Sea, West of Scotland)","Megrim","Lepidorhombus spp.",,"Benthic fish & inv.","http://www.ices.dk/sites/pub/Publication%20Reports/Advice/2015/2015/meg-4a6a.pdf",1985,2014,1985,2014,,,,,1,,,,,,,0.3,,1.84,"Medium","NA","NA",0.5,0.9,2005,0.01,0.4,0.2,0.6,2005,2010,"CPUE","F","OK (RF 11.07.16)"
"Northeast Atlantic","Greater North Sea","mur-347d","Striped red mullet - in Subarea IV (North Sea) and Divisions VIId (Eastern English Channel) and IIIa (Skagerrak–Kattegat)","Striped red mullet","Mullus surmuletus",1327,"Benthic fish & inv.","http://ices.dk/sites/pub/Publication%20Reports/Advice/2015/2015/mur-347d.pdf",2000,2014,2000,2014,,,,,,,,,,,,,,,"Medium",0.46,1.583,"NA","NA","NA","NA","NA",0.01,0.4,"NA","NA","CPUE","F","OK (RF 11.07.16)"
"Northeast Atlantic","Greater North Sea","nep-10","Norway lobster (Nephrops norvegicus) in Division 4.a, Functional Unit 10 (northern North Sea, Noup)","Norway lobster","Nephrops norvegicus",26023,"Benthic fish & inv.","http://www.ices.dk/sites/pub/Publication%20Reports/Advice/2016/2016/nep-10.pdf",1981,2015,1981,2015,,,,,,,,,,,,,,,"Medium","NA","NA",0.5,0.9,2005,0.01,0.4,0.01,0.2,"NA","NA","None","F","OK (RF 11.07.16)"
"Northeast Atlantic","Greater North Sea","nep-3-4","Norway lobster in Division IIIa (Skagerrak and Kattegat)","Norway lobster","Nephrops norvegicus",26023,"Benthic fish & inv.","http://www.ices.dk/sites/pub/Publication%20Reports/Advice/2016/2016/nep-3-4.pdf",1991,2015,1991,2015,,,,,,,,,,,,,,,"Medium","NA","NA","NA","NA",2003,0.01,0.4,0.2,0.6,"NA","NA","CPUE","F","OK (RF 11.07.16)"
"Northeast Atlantic","Greater North Sea","nep-32","Norway lobster in Division IVa, FU 32 (Northern North Sea, Norwegian Deep)","Norway lobster","Nephrops norvegicus",26023,"Benthic fish & inv.","http://www.ices.dk/sites/pub/Publication%20Reports/Advice/2016/2016/nep-32.pdf",1993,2015,1994,2015,,,,,,,,,,,,,,,"Medium","NA","NA","NA","NA",2010,0.01,0.4,0.01,0.4,2001,2006,"CPUE","F","OK (RF 11.07.16)"
"Northeast Atlantic","Greater North Sea","nep-33","Norway lobster (Nephrops norvegicus) in Division 4.b, Functional Unit 33 (central North
Sea, Horn’s Reef)","Norway lobster","Nephrops norvegicus",26023,"Benthic fish & inv.","http://www.ices.dk/sites/pub/Publication%20Reports/Advice/2016/2016/nep-33.pdf",1993,2015,1993,2015,,,,,,,,,,,,,,,"Medium","NA","NA",0.5,0.9,2006,0.2,0.6,0.2,0.6,"NA","NA","None","F","OK (RF 11.07.16)"
"Northeast Atlantic","Greater North Sea","nep-34","Norway lobster (Nephrops norvegicus) in Division 4.b, Functional Unit 34 (central North Sea, Devil’s
Hole)","Norway lobster","Nephrops norvegicus",26023,"Benthic fish & inv.","http://www.ices.dk/sites/pub/Publication%20Reports/Advice/2016/2016/nep-34.pdf",1991,2015,1991,2015,,,,,,,,,,,,,,,"Medium","NA","NA",0.5,0.9,2010,0.2,0.6,0.01,0.4,"NA","NA","None","F","OK (RF 11.07.16)"
"Northeast Atlantic","Greater North Sea","nep-5","Norway lobster (Nephrops norvegicus) in divisions 4.b and 4.c, Functional Unit 5 (central and
southern North Sea, Botney Cut-Silver Pit)","Norway lobster","Nephrops norvegicus",26023,"Benthic fish & inv.","http://www.ices.dk/sites/pub/Publication%20Reports/Advice/2016/2016/nep-5.pdf",1991,2015,1991,2015,,,,,,,,,,,,,,,"Medium","NA","NA",0.5,0.9,2010,0.2,0.6,0.2,0.6,"NA","NA","None","F","OK (RF 11.07.16)"
"Northeast Atlantic","Greater North Sea","nep-6","Norway lobster in Division IVa, FU 7 (Northern North Sea, Fladen Ground)","Norway lobster","Nephrops norvegicus",26023,"Benthic fish & inv.","http://www.ices.dk/sites/pub/Publication%20Reports/Advice/2016/2016/nep-6.pdf",1981,2015,2000,2015,,,,,,0.081,,858000000,,,,,"harvest rate, equivalent to F35% SPR males",,"Medium","NA","NA","NA","NA",2007,0.01,0.4,0.01,0.3,2002,2005,"CPUE","F","OK (RF 11.07.16)"
"Northeast Atlantic","Greater North Sea","nep-7","Norway lobster in Division IVa, FU 7 (Northern North Sea, Fladen Ground)","Norway lobster","Nephrops norvegicus",26023,"Benthic fish & inv.","http://www.ices.dk/sites/pub/Publication%20Reports/Advice/2016/2016/nep-7.pdf",1992,2015,2004,2015,,,,,,0.075,,276700000,,,,,"harvest rate, equivalent to F0.1 for combined sexes",,"Medium","NA","NA","NA","NA",2011,0.01,0.4,0.01,0.3,"NA","NA","CPUE","F","OK (RF 11.07.16)"
"Northeast Atlantic","Greater North Sea","nep-8","Norway lobster in Division IVb, FU 8 (Central North Sea, Firth of Forth)","Norway lobster","Nephrops norvegicus",26023,"Benthic fish & inv.","http://www.ices.dk/sites/pub/Publication%20Reports/Advice/2016/2016/nep-8.pdf",1981,2015,1994,2015,,,,,,0.163,,292000000,,,,,"harvest rate, equivalent to Fmax for combined sexes",,"Medium","NA","NA",0.01,0.4,2008,0.3,0.7,0.2,0.6,2008,2012,"CPUE","F","OK (RF 11.07.16) Abundance data before 2003 read off graph; early landings not reliable; start year set to 1993."
"Northeast Atlantic","Greater North Sea","nep-9","Norway lobster in Division IVb, FU 9 (Central North Sea, Moray Firth)","Norway lobster","Nephrops norvegicus",26023,"Benthic fish & inv.","http://www.ices.dk/sites/pub/Publication%20Reports/Advice/2016/2016/nep-9.pdf",1981,2015,1993,2015,,,,,,0.118,,262000000,,,,,"Proxy, equivalent to F35% SPR for combined sexes",,"Medium","NA","NA","NA","NA",2005,0.3,0.7,0.01,0.4,2007,2012,"CPUE","F","OK (RF 11.07.16)"
"Northeast Atlantic","Greater North Sea","nop-34-oct","Norway Pout in Subarea IV (North S.) and IIIa (Skagerrak - Kattegat)","Norway pout ","Trisopterus esmarkii ",1023,"Plankton feeders","http://www.ices.dk/sites/pub/Publication%20Reports/Advice/2015/2015/nop-34-oct.pdf",1983,2014,1995,2014,,,90000,150000,,,,150000,,,,0.233,,194137,"Medium",0.48,1.6,0.01,0.4,2005,0.01,0.3,0.01,0.4,2000,2005,"CPUE","F","OK (RF 11.07.16) r updated"
"Northeast Atlantic","Greater North Sea","pand-sknd","Northern shrimp in Divisions 3a and 4a East (Skagerrak, Northern North Sea in the Norwegian Deep)","Northern shrimp","Pandalus borealis",25892,"Benthic fish & inv.","http://www.ices.dk/sites/pub/Publication%20Reports/Advice/2016/2016/pand-sknd_2015update.pdf",1988,2014,1988,2014,1,0.68,6300,9900,,0.62,,9900,,,,0.63,"1 to 3",7209,"Medium","NA","NA",0.01,0.4,2008,0.2,0.6,0.01,0.4,1994,2000,"CPUE","F","OK (RF 11.07.16)"
"Northeast Atlantic","Greater North Sea","ple-eche","Plaice in Division VIId (Eastern Channel)","European plaice ","Pleuronectes platessa",1342,"Benthic fish & inv.","http://www.ices.dk/sites/pub/Publication%20Reports/Advice/2016/2016/ple-eche.pdf",1980,2015,1985,2015,0.5,0.36,18448,25826,,0.25,,25826,,,,0.122,"3 to 6",54378,"Medium",0.2,0.77,0.01,0.4,"NA","NA","NA","NA","NA","NA","NA","CPUE","F","OK (RF 11.07.16) r updated"
"Northeast Atlantic","Greater North Sea","ple-nsea","Plaice Subarea IV (North Sea)","European plaice ","Pleuronectes platessa",1342,"Benthic fish & inv.","http://www.ices.dk/sites/pub/Publication%20Reports/Advice/2016/2016/ple-nsea.pdf",1957,2015,1960,2015,0.63,0.45,160000,230000,,0.19,,230000,,,,0.174,"2 to 6",754812,"Medium",0.2,0.77,"NA","NA",2000,0.01,0.4,0.5,0.9,1995,2000,"CPUE","F","OK (RF 11.07.16) r updated"
"Northeast Atlantic","Greater North Sea","pol-nsea","Pollack (Pollachius pollachius) in Subarea 4 (North Sea) and Division 3.a (North Sea, Skagerrak and
Kattegat)","Pollack","Pollachius pollachius",34,"Large predators","http://www.ices.dk/sites/pub/Publication%20Reports/Advice/2016/2016/pol-nsea.pdf",1977,2015,1977,2015,,,,,,,,,,,,,,,"Medium",0.5,1,"NA","NA",2000,0.01,0.4,0.01,0.4,"NA","NA","None","F","OK (RF 11.07.16)"
"Northeast Atlantic","Greater North Sea","rng-kask","Roundnose grenadier (Coryphaenoides rupestris) in Division 3.a (Skagerrak and Kattegat)","Roundnose grenadier","Coryphaenoides rupestris",332,"Benthic fish & inv.","http://www.ices.dk/sites/pub/Publication%20Reports/Advice/2016/2016/rng-kask.pdf",1988,2015,1988,2015,,,,,,,,,,,,,,,"Very low",0.11,0.71,0.01,0.4,2003,0.2,0.6,0.01,0.3,1996,2001,"CPUE","F","OK (RF 11.07.16) r updated"
"Northeast Atlantic","Greater North Sea","sai-3a46","Saithe in Subarea IV (North Sea) Division IIIa West and Subarea VI ","Saithe","Pollachius virens",1343,"Large predators","http://www.ices.dk/sites/pub/Publication%20Reports/Advice/2016/2016/sai-3a46.pdf",1967,2015,1967,2015,0.56,0.4,107000,150000,,0.36,,150000,,,,0.301,"4 to 7",228761,"Medium",0.21,0.75,"NA","NA",1990,0.01,0.4,0.01,0.4,"NA","NA","CPUE","F","OK (RF 11.07.16)"
"Northeast Atlantic","Greater North Sea","san-ns1","Sandeel in the Dogger Bank area (SA 1)","Small sandeel ","Ammodytes tobianus",38,"Benthic fish & inv.","http://www.ices.dk/sites/pub/Publication%20Reports/Advice/2016/2016/san-ns1.pdf",1983,2015,1983,2015,,,160000,215000,,,,215000,,,,0.384,,191471,"High",0.8,1.98,"NA","NA","NA","NA","NA",0.01,0.3,2004,2011,"CPUE","F","OK (RF 11.07.16) r updated"
"Northeast Atlantic","Greater North Sea","san-ns2","Sandeel in the South Eastern North Sea (SA 2)","Small sandeel ","Ammodytes tobianus",38,"Benthic fish & inv.","http://www.ices.dk/sites/pub/Publication%20Reports/Advice/2016/2016/san-ns2.pdf",1983,2015,1985,2015,,,70000,100000,,,,100000,,,,0.175,,93118,"High",0.8,1.98,0.01,0.4,2005,0.01,0.3,0.01,0.3,2010,2015,"CPUE","F","OK (RF 11.07.16) r updated"
"Northeast Atlantic","Greater North Sea","san-ns3","Sandeel in the Central Eastern North Sea (SA 3)","Small sandeel ","Ammodytes tobianus",38,"Benthic fish & inv.","http://www.ices.dk/sites/pub/Publication%20Reports/Advice/2016/2016/san-ns3.pdf",1983,2015,1983,2015,,,100000,195000,,,,195000,,,,0.475,,246485,"High",0.8,1.98,0.01,0.4,2005,0.01,0.3,0.2,0.6,1990,1995,"CPUE","F","OK (RF 11.07.16) r updated"
"Northeast Atlantic","Greater North Sea","san-ns4","Sandeel in Divisions 4a and 4b, SA 4 (North and Central North Sea)","Small sandeel ","Ammodytes tobianus",38,"Benthic fish & inv.","http://www.ices.dk/sites/pub/Publication%20Reports/Advice/2016/2016/san-ns4.pdf",1983,2015,1983,2015,,,,,,,,,,,,,,0.93,"High",0.8,1.98,0.5,0.9,2000,0.01,0.4,0.01,0.3,1999,2003,"CPUE","F","OK (RF 11.07.16) r updated"
"Northeast Atlantic","Greater North Sea","san-ns6","Sandeel in Division 3a East, SA 6 (Kattegat)","Small sandeel ","Ammodytes tobianus",38,"Benthic fish & inv.","http://www.ices.dk/sites/pub/Publication%20Reports/Advice/2016/2016/san-ns6.pdf",1983,2015,1983,2015,,,,,,,,,,,,,,,"High",0.8,1.98,0.5,0.99,2000,0.01,0.4,0.01,0.3,"NA","NA","None","F","OK (RF 11.07.16) r updated"
"Northeast Atlantic","Greater North Sea","san-ns7","Sandeel in Division 4a, SA 7 (Northern North Sea, Shetland)","Small sandeel ","Ammodytes tobianus",38,"Benthic fish & inv.","http://www.ices.dk/sites/pub/Publication%20Reports/Advice/2016/2016/san-ns7.pdf",1983,2015,1983,2015,,,,,,,,,,,,,,,"High",0.8,1.98,0.5,0.99,2000,0.01,0.4,0.01,0.2,"NA","NA","None","F","OK (RF 11.07.16)  Catch data read from graph partially. r updated"
"Northeast Atlantic","Greater North Sea","sol-eche","Sole in Division VIId (Eastern Channel)","Common sole ","Solea solea",525,"Benthic fish & inv.","http://www.ices.dk/sites/pub/Publication%20Reports/Advice/2016/2016/sol-eche.pdf",1982,2015,1982,2015,0.55,0.4,,8000,,0.3,,8000,,,,0.52,"4 to 7",7899,"Medium",0.21,1.02,"NA","NA",2001,0.2,0.6,0.2,0.6,2003,2008,"CPUE","F","OK (RF 11.07.16) r updated"
"Northeast Atlantic","Greater North Sea","sol-kask","Sole in Division IIIa and Subdivisions 22-24 (Skagerrak, Kattegat, and the Belts)","Common sole ","Solea solea",525,"Benthic fish & inv.","http://www.ices.dk/sites/pub/Publication%20Reports/Advice/2016/2016/sol-kask.pdf",1984,2015,1984,2015,0.315,0.23,1850,2600,,0.23,,2600,,,,0.113,"4 to 8",2217,"Medium",0.21,1.02,0.01,0.4,2000,0.2,0.6,0.2,0.6,2006,2011,"CPUE","F","OK (RF 11.07.16) r updated"
"Northeast Atlantic","Greater North Sea","sol-nsea","Sole in Subarea IV (North Sea)","Common sole ","Solea solea",525,"Benthic fish & inv.","http://www.ices.dk/sites/pub/Publication%20Reports/Advice/2016/2016/sol-nsea.pdf",1957,2015,1960,2015,0.62,0.44,26300,37000,,0.2,,37000,,,,0.201,"2 to 6",49142,"Medium",0.21,1.02,"NA","NA",1998,0.01,0.4,0.01,0.4,"NA","NA","CPUE","F","OK (RF 11.07.16) r updated"
"Northeast Atlantic","Greater North Sea","spr-kask","Sprat in Division IIIa (Skagerrak and Kattegat)","European sprat","Sprattus sprattus",1357,"Plankton feeders","http://www.ices.dk/sites/pub/Publication%20Reports/Advice/2016/2016/spr-kask.pdf",1974,2015,1974,2015,,,,,,,,,,,,,,0.785240345,"Medium",0.21,1.11,"NA","NA",2003,0.01,0.4,0.01,0.4,"NA","NA","CPUE","F","OK (RF 11.07.16) r updated"
"Northeast Atlantic","Greater North Sea","spr-nsea","Sprat in Subarea IV (North Sea)","European sprat","Sprattus sprattus",1357,"Plankton feeders","http://www.ices.dk/sites/pub/Publication%20Reports/Advice/2016/2016/spr-nsea.pdf",1974,2015,1974,2015,,,90000,142000,,0.7,,142000,,,,1.265,"1 to 2",355782,"Medium",0.21,1.11,"NA","NA",2010,0.01,0.4,0.5,0.9,2006,2011,"CPUE","F","OK (RF 11.07.16) r updated"
"Northeast Atlantic","Greater North Sea","syc-347d","Lesser-spotted dogfish in Subarea IV and Divisions IIIa and VIId (North Sea, Skagerrak and Kattegat, and eastern English Channel)","Lesser-spotted dogfish","Scyliorhinus canicula",845,"Benthic fish & inv.","http://www.ices.dk/sites/pub/Publication%20Reports/Advice/2015/2015/syc-347d.pdf",1993,2014,1993,2014,,,,,,,,,,,,,,,"Low","NA","NA",0.01,0.3,2005,0.01,0.4,0.2,0.6,2000,2005,"CPUE","F","OK (RF 11.07.16) "
"Northeast Atlantic","Greater North Sea","tur-kask","Turbot in Division IIIa","Turbot","Scophthalmus maximus",1348,"Benthic fish & inv.","http://ices.dk/sites/pub/Publication%20Reports/Advice/2015/2015/Tur-kask.pdf",1996,2014,1996,2014,,,,,,,,,,,,,,,"Medium",0.245,0.82,"NA","NA","NA","NA","NA",0.01,0.4,"NA","NA","CPUE","F","OK (RF 11.07.16) "
"Northeast Atlantic","Greater North Sea","tur-nsea","Turbot in Subarea IV","Turbot","Scophthalmus maximus",1348,"Benthic fish & inv.","http://ices.dk/sites/pub/Publication%20Reports/Expert%20Group%20Report/acom/2015/WGNSSK/20%20WGNSSK%20report%20-%20Sec%2018%20Turbot%20in%20Subarea%20IV.pdf",1975,2014,1975,2014,,,,,,,,,,,,,,,"Medium",0.245,0.82,"NA","NA","NA","NA","NA",0.01,0.4,"NA","NA","CPUE","F","OK (RF 11.07.16) "
"Northeast Atlantic","Greater North Sea","whg-47d","Whiting Subarea IV (North Sea) and Division VIId (Eastern Channel)","Whiting ","Merlangius merlangus ",29,"Large predators","http://www.ices.dk/sites/pub/Publication%20Reports/Advice/2016/2016/whg-47d.pdf",1990,2015,1990,2015,0.39,0.28,173000,242000,,0.15,,242000,,,,0.227,"2 to 6",246870,"Medium",0.25,1.01,"NA","NA","NA","NA","NA","NA","NA","NA","NA","CPUE","F","OK (RF 11.07.16) r updated"
"Northeast Atlantic","Greater North Sea","whg-kask","Whiting in Division IIIa (Skagerrak and Kattegat)","Whiting ","Merlangius merlangus ",29,"Large predators","http://www.ices.dk/sites/pub/Publication%20Reports/Advice/2015/2015/whg-kask.pdf",1975,2014,1975,2014,,,,,,,,,,,,,,,"Medium",0.25,1.01,"NA","NA",1992,0.01,0.4,0.01,0.3,"NA","NA","None","F","OK (RF 11.07.16) r updated"
"Northeast Atlantic","Greater North Sea","wit-nsea","Witch in Subarea IV and Divisions IIIa and VIId (North Sea, Skagerrak and Kattegat, Eastern English Channel)","Witch","Glyptocephalus cynoglossus",26,"Benthic fish & inv.","http://www.ices.dk/sites/pub/Publication%20Reports/Advice/2015/2015/wit-nsea.pdf",1968,2014,1968,2014,,,,,,,,,,,,,,0.289,"Medium",0.177,0.624,0.01,0.4,2004,0.2,0.6,0.2,0.6,2000,2006,"CPUE","F","No update in 2016.OK (RF 13.05.16)"
"Northeast Atlantic","Greenland Sea","arg-icel","Greater silver smelt in Subarea 14 and Division 5.a (East Greenland and Iceland grounds)","Greater silver smelt","Argentina silus",2700,"Benthic fish & inv.","http://www.ices.dk/sites/pub/Publication%20Reports/Advice/2016/2016/arg-icel.pdf",1988,2015,1988,2015,,,,,,0.171,,,,,,0.131,"no age indicated, even in the graph",46114,"Medium",0.125,0.675,0.01,0.4,2007,0.01,0.4,0.2,0.6,2004,2007,"CPUE","F","OK (RF 12.07.16)"
"Northeast Atlantic","Greenland Sea","bli-5a14","Blue ling in Subarea 14 and Division 5.a (East Greenland and Iceland grounds)","Blue ling","Molva dypterygia",1383,"Benthic fish & inv.","http://www.ices.dk/sites/pub/Publication%20Reports/Advice/2016/2016/bli-5a14.pdf",1973,2015,1973,2015,,,,,,,,,,,,1.56,,1161.1,"Low",0.194,0.483,"NA","NA",2004,0.01,0.4,0.01,0.4,2001,2005,"CPUE","F","OK (RF 12.07.16)"
"Northeast Atlantic","Greenland Sea","cod-ingr","Cod in in NAFO Subarea 1, inshore (West Greenland cod)","Atlantic cod","Gadus morhua",69,"Large predators","http://www.ices.dk/sites/pub/Publication%20Reports/Advice/2016/2016/cod-ingr.pdf",1960,2015,1980,2015,,,,,,,,,,,,,,461,"Medium",0.23,0.96,0.01,0.4,1999,0.01,0.3,0.01,0.4,"NA","NA","CPUE","F","OK (RF 12.07.16) r updated"
"Northeast Atlantic","Greenland Sea","cod-segr","Cod in ICES Subarea XIV and NAFO Subdivision 1F (East Greenland, South Greenland)","Atlantic cod","Gadus morhua",69,"Large predators","http://www.ices.dk/sites/pub/Publication%20Reports/Advice/2016/2016/cod-segr.pdf",1954,2015,1960,2015,,,,,,,,,,,,,,157312,"Medium",0.23,0.96,0.2,0.6,1993,0.01,0.3,0.01,0.4,"NA","NA","CPUE","F","OK (RF 12.07.16) r updated"
"Northeast Atlantic","Greenland Sea","cod-wgr","Cod in in NAFO  Subdivisions 1A–E, offshore (West Greenland)","Atlantic cod","Gadus morhua",69,"Large predators","http://www.ices.dk/sites/pub/Publication%20Reports/Advice/2016/2016/cod-wgr.pdf",1952,2015,1962,2015,,,,,,,,,,,,,,134136,"Medium",0.23,0.96,0.2,0.6,1970,0.01,0.4,0.01,0.2,"NA","NA","None","F","OK (RF 12.07.16) r updated"
"Northeast Atlantic","Greenland Sea","smn-grl","Beaked redfish in Division XIVb (Demersal) (Southeast Greenland)","Beaked redfish","Sebastes mentella",505,"Benthic fish & inv.","http://www.ices.dk/sites/pub/Publication%20Reports/Advice/2015/2015/smn-grl.pdf",1975,2015,1975,2015,,,,,,,,,,,,,,60.6,"Low",0.106,0.426,0.01,0.4,2005,0.01,0.4,0.01,0.2,"NA","NA","CPUE","F","OK (RF 12.07.16)"
"Northeast Atlantic","Greenland Sea","smr-5614","Golden redfish in Subareas V, VI, XII, and XIV (Iceland and Faroes grounds, West of Scotland, North of Azores, East of Greenland)","Golden redfish","Sebastes norvegicus",501,"Benthic fish & inv.","http://www.ices.dk/sites/pub/Publication%20Reports/Advice/2016/2016/smr-5614.pdf",1971,2015,1971,2015,0.226,1.63,160000,220000,,0.097,,220000,,,,0.096,"9 to 19",354600,"Low",0.13,0.48,"NA","NA",2001,0.01,0.4,0.2,0.6,"NA","NA","CPUE","F","OK (RF 12.07.16) r updated"
"Northeast Atlantic","Iceland Sea","cap-icel","Capelin in Subareas V and XIV and Division IIa west of 5°W (Iceland and Faroes grounds, East Greenland, Jan Mayen area)","Capelin","Mallotus villosus",252,"Plankton feeders","http://www.ices.dk/sites/pub/Publication%20Reports/Advice/2016/2016/cap-icel.pdf",1979,2016,1979,2016,,,150000,,,,,,,,,,,304,"Medium",0.17,1.11,0.01,0.4,1990,0.01,0.4,0.01,0.4,"NA","NA","CPUE","F","OK (RF 12.07.16) r updated"
"Northeast Atlantic","Iceland Sea","cod-iceg","Cod in Division Va (Icelandic cod)","Atlantic cod","Gadus morhua",69,"Large predators","http://www.ices.dk/sites/pub/Publication%20Reports/Advice/2016/2016/cod-iceg.pdf",1955,2015,1955,2015,0.74,0.58,125000,160000,,,,220000,,,,0.273,,533.186,"Medium",0.23,0.96,"NA","NA","NA","NA","NA","NA","NA","NA","NA","CPUE","F","OK (RF 12.07.16) r updated"
"Northeast Atlantic","Iceland Sea","ghl-grn","Greenland halibut in Subareas V, VI, XII, and XIV (Iceland and Faroes grounds, West of Scotland, North of Azores, East of Greenland)","Greenland halibut","Reinhardtius hippoglossoides",516,"Benthic fish & inv.","http://www.ices.dk/sites/pub/Publication%20Reports/Advice/2016/2016/ghl-grn.pdf",1960,2015,1960,2015,1.7,,,,1,,,,,,,1.103,,0.713,"Low",0.16,0.68,0.5,0.9,1996,0.01,0.4,0.01,0.4,"NA","NA","CPUE","F","OK (RF 12.07.16) r updated"
"Northeast Atlantic","Iceland Sea","had-iceg","Haddock  in Division Va (Icelandic haddock)","Haddock ","Melanogrammus aeglefinus ",1381,"Large predators","http://www.ices.dk/sites/pub/Publication%20Reports/Advice/2016/2016/had-iceg.pdf",1979,2015,1979,2015,,,45000,59000,,,,,,,,0.373,,87450,"Medium",0.23,1,0.01,0.4,2006,0.5,0.9,0.01,0.4,"NA","NA","CPUE","F","OK (RF 12.07.16) r updated"
"Northeast Atlantic","Iceland Sea","her-vasu","Herring in Division Va (Iceland grounds) (summer-spawning herring)","Atlantic herring","Clupea harengus",24,"Plankton feeders","http://www.ices.dk/sites/pub/Publication%20Reports/Advice/2016/2016/her-vasu.pdf",1987,2015,1987,2015,0.61,0.45,200000,273000,,0.22,,273000,,,,0.219,"5 to 10",346454,"Medium",0.156,0.996,0.01,0.4,2007,0.5,0.9,0.1,0.5,1998,2002,"CPUE","F","OK (RF 12.07.16)"
"Northeast Atlantic","Iceland Sea","lin-icel","Ling in Division 5.a (Iceland grounds)","Ling","Molva molva",33,"Benthic fish & inv.","http://www.ices.dk/sites/pub/Publication%20Reports/Advice/2016/2016/lin-icel.pdf",1982,2015,1982,2015,,,8600,9500,,0.24,,9500,,,,0.28,"5 to 19",40995,"Medium",0.22,0.66,0.01,0.4,2005,0.01,0.4,0.2,0.6,1997,2002,"CPUE","F","OK (RF 12.07.16) r updated"
"Northeast Atlantic","Iceland Sea","Pan_bor_1","Northern shrimp in Arnarfjordur","Northern shrimp","Pandalus borealis",25892,"Benthic fish & inv.","Report of WKLIFE IV, ICES CM 2014/ACOM:54",1988,2013,1988,2013,,,,,,,,,,,,,,,"Medium","NA","NA","NA","NA","NA","NA","NA",0.01,0.4,"NA","NA","CPUE","F","OK (RF 12.07.16)"
"Northeast Atlantic","Iceland Sea","Pan_bor_2","Northern shrimp in Isafjardardjup","Northern shrimp","Pandalus borealis",25892,"Benthic fish & inv.","Report of WKLIFE IV, ICES CM 2014/ACOM:54",1988,2013,1988,2013,,,,,,,,,,,,,,,"Medium","NA","NA","NA","NA","NA","NA","NA",0.01,0.4,"NA","NA","CPUE","F","OK (RF 12.07.16)"
"Northeast Atlantic","Iceland Sea","sai-icel","Icelandic saithe (Division Va)","Saithe","Pollachius virens",1343,"Large predators","http://www.ices.dk/sites/pub/Publication%20Reports/Advice/2016/2016/sai-icel.pdf",1980,2015,1980,2015,0.46,0.34,44000,61000,,,,65000,,,,0.205,,134705,"Medium",0.21,0.75,"NA","NA","NA","NA","NA","NA","NA","NA","NA","CPUE","F","OK (RF 12.07.16)"
"Northeast Atlantic","Iceland Sea","smn-con","Beaked redfish in Subarea XIV and Division Va (Icelandic slope stock) (East of Greenland, Iceland grounds)","Beaked redfish","Sebastes mentella",505,"Benthic fish & inv.","http://www.ices.dk/sites/pub/Publication%20Reports/Advice/2016/2016/smn-con.pdf",2000,2015,2000,2015,,,,,,,,,,,,,,110512,"Low",0.106,0.426,"NA","NA","NA","NA","NA","NA","NA","NA","NA","CPUE","F","OK (RF 12.07.16)"
"Northeast Atlantic","Iceland Sea","smn-dp","Beaked redfish in Subareas V, XII, and XIV (Iceland and Faroes grounds, north of Azores, east of Greenland) and NAFO Subareas 1+2 (deep pelagic stock > 500 m)","Beaked redfish","Sebastes mentella",505,"Benthic fish & inv.","http://www.ices.dk/sites/pub/Publication%20Reports/Advice/2015/2015/smn-dp.pdf",1991,2014,1991,2014,,,,,,,,,,,,,,,"Very low",0.106,0.426,0.5,0.9,2005,0.01,0.4,0.01,0.4,"NA","NA","CPUE","F","OK (RF 12.07.16)"
"Northeast Atlantic","Iceland Sea","smn-sp","Beaked redfish in Subareas V, XII, and XIV (Iceland and Faroes grounds, north of Azores, east of Greenland) and NAFO Subareas 1+2 (shallow pelagic stock < 500 m)","Beaked redfish","Sebastes mentella",505,"Benthic fish & inv.","http://www.ices.dk/sites/pub/Publication%20Reports/Advice/2016/2016/smn-sp.pdf",1982,2015,1982,2015,,,,,,,,,,,,,,,"Very low",0.106,0.426,0.5,0.9,1995,0.2,0.6,0.01,0.2,2000,2005,"CPUE","F","OK (RF 12.07.16) Acoustic survey data used for abundance. O"
"Northeast Atlantic","Iceland Sea","usk-icel","Tusk in Division Va and Subarea XIV","Tusk","Brosme brosme",51,"Benthic fish & inv.","http://www.ices.dk/sites/pub/Publication%20Reports/Advice/2016/2016/usk-icel.pdf",1981,2015,1981,2015,,,,,,0.2,,,,,,0.22,"7 to 10",6542,"Low",0.21,0.62,"NA","NA",2003,0.01,0.4,0.2,0.6,2000,2005,"CPUE","F","OK (RF 12.07.16) r updated"
"Northeast Atlantic","Norwegian Sea","cod-coas","Cod in Subareas I and II (Norwegian coastal waters cod)","Atlantic cod","Gadus morhua",69,"Large predators","http://www.ices.dk/sites/pub/Publication%20Reports/Advice/2016/2016/cod-coas.pdf",1984,2015,1984,2015,,,,,,,,,,,,0.331,,16763,"Medium",0.23,0.96,"NA","NA",2000,0.01,0.4,0.01,0.4,"NA","NA","CPUE","F","OK (RF 11.07.16) r updated"
"Northeast Atlantic","Norwegian Sea","her-noss","Norwegian spring-spawning herring","Atlantic herring","Clupea harengus",24,"Plankton feeders","http://www.ices.dk/sites/pub/Publication%20Reports/Advice/2015/2015/her-noss.pdf",1988,2014,1988,2014,,0.15,2500000,5000000,,0.15,,5000000,,,,0.11,"5 to 14",4455000,"Medium",0.156,0.996,"NA","NA","NA","NA","NA","NA","NA","NA","NA","CPUE","F","OK (RF 11.07.16)"
"Northeast Atlantic","Rockall","cod-rock","Cod in Division VIb (Rockall)","Atlantic cod","Gadus morhua",69,"Large predators","http://www.ices.dk/sites/pub/Publication%20Reports/Advice/2015/2015/cod-rock.pdf",1984,2014,1984,2014,,,,,,,,,,,,,,,"Medium",0.23,0.96,"NA","NA",1995,0.2,0.6,0.01,0.3,1995,2000,"CPUE","F","OK (RF 11.07.16) r updated"
"Northeast Atlantic","Rockall","had-rock","Haddock in Division VIb (Rockall)","Haddock ","Melanogrammus aeglefinus ",1381,"Large predators","http://www.ices.dk/sites/pub/Publication%20Reports/Advice/2016/2016/had-rock.pdf",1991,2015,1991,2015,0.69,0.46,6800,10200,,0.2,,10200,,,,0.214,"2 to 5",17560,"Medium",0.23,1,"NA","NA","NA","NA","NA","NA","NA","NA","NA","CPUE","F","OK (RF 11.07.16) r updated"
"Northeast Atlantic","Rockall","meg-rock","Megrim (Lepidorhombus spp.) in Division VIb (Rockall) ","Megrim","Lepidorhombus spp.",,"Benthic fish & inv.","http://www.ices.dk/sites/pub/Publication%20Reports/Advice/2015/2015/meg-rock.pdf",1990,2014,1990,2014,,,,,,,,,,,,,,,"Medium","NA","NA","NA","NA",2005,0.01,0.3,0.2,0.6,2008,2011,"CPUE","F","OK (RF 11.07.16)"
"Northeast Atlantic","Rockall","usk-rock","Tusk in Division VIb (Rockall)","Tusk","Brosme brosme",51,"Benthic fish & inv.","http://www.ices.dk/sites/pub/Publication%20Reports/Advice/2016/2016/usk-rock.pdf",1988,2015,1988,2015,,,,,,,,,,,,,,,"Medium",0.21,0.62,0.2,0.6,2006,0.01,0.4,0.01,0.3,2004,2007,"None","F","OK (RF 11.07.16) r updated"
"Northeast Atlantic","Wide ranging","agn-nea","Angel shark in the Northeast Atlantic","Angel shark","Squatina squatina",736,"Benthic fish & inv.","http://www.ices.dk/sites/pub/Publication%20Reports/Advice/2015/2015/agn-nea.pdf",1973,2011,1975,2011,,,,,,,,,,,,,,,"Low","NA","NA",0.01,0.4,1992,0.01,0.3,0.01,0.1,"NA","NA","None","F","OK (RF 11.05.2016)"
"Northeast Atlantic","Wide ranging","arg-123a4","Greater silver smelt in Subareas I, II, IV, and Division IIIa (Northeast Arctic, North Sea, Skagerrak and Kattegat)","Greater silver smelt","Argentina silus",2700,"Benthic fish & inv.","http://www.ices.dk/sites/pub/Publication%20Reports/Advice/2015/2015/arg-123a4.pdf",1988,2014,1988,2014,,,,,,,,,,,,,,38.5,"Medium",0.125,0.675,0.5,0.9,2008,0.01,0.3,0.2,0.6,1991,1997,"CPUE","F","OK (RF(13.05.16) No ICES update in 2016."
"Northeast Atlantic","Wide ranging","arg-rest","Greater silver smelt in Subareas VII-X, XII, and Division VIb (other areas)","Greater silver smelt","Argentina silus",2700,"Benthic fish & inv.","http://www.ices.dk/sites/pub/Publication%20Reports/Advice/2015/2015/arg-rest.pdf",1978,2014,2000,2014,,,,,,,,,,,,,,,"Low",0.125,0.675,0.01,0.4,2006,0.01,0.3,0.01,0.2,2003,2005,"CPUE","F","OK (RF 09.06.16). Start year set to 2000. No ICES update in 2016."
"Northeast Atlantic","Wide ranging","bli-oth","Blue ling in Subareas I, II, VIII, IX, and XII, and Divisions IIIa and IVa (other areas)","Blue ling","Molva dypterygia",1383,"Benthic fish & inv.","http://www.ices.dk/sites/pub/Publication%20Reports/Advice/2015/2015/bli-oth.pdf",1988,2014,1988,2014,,,,,,,,,,,,,,,"Low",0.194,0.483,0.5,0.9,2004,0.2,0.6,0.01,0.4,"NA","NA","None","F","No update in 2016. OK (RF 16.05.16)"
"Northeast Atlantic","Wide ranging","bsf-nea","Black scabbardfish in subareas 1, 2, 4, 6–8, 10, and 14, and in divisions 3.a, 5.a–b, 9.a, and 12.b (Northeast Atlantic)","Black scabbardfish","Aphanopus carbo",646,"Benthic fish & inv.","http://www.ices.dk/sites/pub/Publication%20Reports/Advice/2016/2016/bsf-nea.pdf",1990,2015,1990,2015,,,,,,,,,,,,,,,"Low","NA","NA",0.5,0.9,"NA","NA","NA",0.5,0.9,"NA","NA","CPUE","F","OK (RF 08.06.16) Total abundance index used."
"Northeast Atlantic","Wide ranging","bsk-nea","Basking shark in the Northeast Atlantic","Basking shark","Cetorhinus maximus",90,"Plankton feeders","http://www.ices.dk/sites/pub/Publication%20Reports/Advice/2015/2015/bsk-nea.pdf",1977,2014,1977,2014,,,,,,,,,,,,,,,"Very low",0.0003,0.52,"NA","NA",1990,0.01,0.4,0.01,0.1,"NA","NA","None","F","Catches given as + assumed to be 1. OK (RF 17.04.16)"
"Northeast Atlantic","Wide ranging","cyo-nea","Portuguese dogfish in the Northeast Atlantic","Portuguese dogfish","Centroscymnus coelolepis",662,"Benthic fish & inv.","http://www.ices.dk/sites/pub/Publication%20Reports/Advice/2015/2015/cyo-nea.pdf",1988,2014,1992,2014,,,,,,,,,,,,,,,"Very low","NA","NA",0.01,0.4,2006,0.01,0.4,0.01,0.1,2004,2009,"CPUE","F","OK (RF 11.05.16)"
"Northeast Atlantic","Wide ranging","dgs-nea","Spurdog in Northeast Atlantic","Picked dogfish","Squalus acanthias",139,"Benthic fish & inv.","http://ices.dk/sites/pub/Publication%20Reports/Advice/2014/2014/dgs-nea.pdf",1980,2013,1980,2013,,,,,,,,,,,,,,,"Low",0.0019,0.93,"NA","NA",2000,0.01,0.4,0.01,0.3,"NA","NA","CPUE","F","OK (RF 23.05.16)"
"Northeast Atlantic","Wide ranging","eel-eur","European eel throughout its natural range","European eel","Anguilla anguilla",35,"Benthic fish & inv.","Recruitment index: http://www.ices.dk/sites/pub/Publication%20Reports/Advice/2015/2015/eel-eur.pdf Catch statistics: FAO FishstatJ Global Capture Production",1950,2014,1950,2014,,,,,,,,,,,,,,,"Low",0.16,0.66,"NA","NA","NA","NA","NA",0.01,0.2,"NA","NA","CPUE","T","OK (RF 09.07.16) Endbio set to 0.01-0.2. Elver abundance is recruitment and cannot be used for adult abundance. Using CMSY for management results."
"Northeast Atlantic","Wide ranging","gag-nea","Tope in the Northeast Atlantic","Tope","Galeorhinus galeus",4642,"Large predators","http://www.ices.dk/sites/pub/Publication%20Reports/Advice/2015/2015/gag-nea.pdf",1978,2014,1979,2014,,,,,,,,,,,,,,,"Very low",0.007,0.831,"NA","NA",1990,0.01,0.4,0.01,0.3,"NA","NA","None","F","OK (RF 12.05.16)"
"Northeast Atlantic","Wide ranging","gfb-comb","Great forkbeard in Northeast Atlantic","Great forkbeard","Phycis blennoides",1340,"Benthic fish & inv.","http://www.ices.dk/sites/pub/Publication%20Reports/Advice/2016/2016/gfb-comb.pdf",1988,2015,1988,2015,,,,,,,,,,,,,,0.86,"Medium",0.28,0.76,"NA","NA","NA","NA","NA",0.01,0.4,"NA","NA","CPUE","F","OK (RF 09.06.16) r updated"
"Northeast Atlantic","Wide ranging","guq-nea","Leafscale gulper shark in the Northeast Atlantic","Leafscale gulper","Centrophorus squamosus",653,"Benthic fish & inv.","http://www.ices.dk/sites/pub/Publication%20Reports/Advice/2015/2015/guq-nea.pdf",1988,2014,1995,2014,,,,,,,,,,,,,,,"Low",0.0008,0.846,0.2,0.6,2004,0.01,0.4,0.01,0.1,"NA","NA","None","F","OK (RF 23.05.16)"
"Northeast Atlantic","Wide ranging","gur-comb","Red gurnard in Subareas III, IV, V, VI, VII, and VIII (Northeast Atlantic)","Red gurnard","Chelidonichthys cuculus",44,"Benthic fish & inv.","http://www.ices.dk/sites/pub/Publication%20Reports/Advice/2015/2015/gur-comb.pdf",2003,2014,2003,2014,,,,,,,,,,,,,,,"Medium",0.28,1.51,0.01,0.4,"NA","NA","NA",0.01,0.3,"NA","NA","None","F","OK (RF 11.05.16)"
"Northeast Atlantic","Wide ranging","hke-nrtn","Hake in Division IIIa, Subareas IV, VI and VII and Divisions VIIIa,b,d (Northern stock)","European hake","Merluccius merluccius",30,"Large predators","http://www.ices.dk/sites/pub/Publication%20Reports/Advice/2016/2016/hke-nrtn.pdf",1978,2015,1978,2015,0.87,0.62,32000,45000,,0.28,,45000,,,,0.22,"15-80cm",306639,"Medium",0.22,0.95,"NA","NA",2005,0.01,0.4,"NA","NA","NA","NA","CPUE","F","OK (RF 25.04.16) r updated"
"Northeast Atlantic","Wide ranging","hom-west","Horse mackerel in Subarea VIII and Divisions IIa, IVa, Vb, VIa, and VIIa–c, e–k","Atlantic horse mackerel","Trachurus trachurus",1365,"Plankton feeders","http://www.ices.dk/sites/pub/Publication%20Reports/Advice/2015/2015/hom-west.pdf",1982,2014,1982,2014,,,,,,,,,,,,,,,"Medium",0.22,0.977,"NA","NA","NA","NA","NA",0.01,0.4,"NA","NA","CPUE","F","OK (RF 17.04.16) r updated"
"Northeast Atlantic","Wide ranging","lin-oth","Ling in Subareas VI-IX, XII, and XIV, and in Divisions IIIa and IVa (other areas)","Ling","Molva molva",33,"Benthic fish & inv.","http://www.ices.dk/sites/pub/Publication%20Reports/Advice/2015/2015/lin-oth.pdf",1988,2014,1988,2014,,,,,,,,,,,,,,,"Medium",0.22,0.66,0.01,0.4,2003,0.01,0.4,0.2,0.6,2004,2008,"CPUE","F","OK (RF 11.05.2016) No ICES update in 2016. r updated"
"Northeast Atlantic","Wide ranging","mac-nea","Mackerel (combined Southern, Western & N.Sea spawn.comp.)","Atlantic mackerel ","Scomber scombrus",118,"Plankton feeders","www.ices.dk",1980,2014,1980,2014,0.42,0.23,1670000,2300000,,0.22,,2200000,,,,0.339,"4 to 8",4159893,"Medium",0.23,1,0.5,0.9,2000,0.01,0.4,"NA","NA",2000,2005,"CPUE","F","OK (RF 17.04.16) r updated"
"Northeast Atlantic","Wide ranging","mur-west","Striped red mullet in Subareas VI and VIII and Divisions VIIa–c, e–k and IXa (West of Scotland, Bay of Biscay, Southern Celtic Seas, Atlantic Iberian Waters)","Striped red mullet","Mullus surmuletus",1327,"Benthic fish & inv.","http://www.ices.dk/sites/pub/Publication%20Reports/Advice/2015/2015/mur-west.pdf",1975,2014,1975,2014,,,,,,,,,,,,,,,"Medium",0.46,1.583,0.5,0.9,"NA","NA","NA","NA","NA","NA","NA","None","F","OK (RF 12.05.16)"
"Northeast Atlantic","Wide ranging","ory-comb","Orange roughy in the Northeast Atlantic","Orange roughy","Hoplostethus atlanticus",334,"Benthic fish & inv.","http://www.ices.dk/sites/pub/Publication%20Reports/Advice/2016/2016/ory-comb.pdf",1988,2015,1991,2015,,,,,,,,,,,,,,,"Very low",0.05,0.8,"NA","NA",2003,0.01,0.4,0.01,0.1,"NA","NA","None","F","OK (RF 09.06.16)"
"Northeast Atlantic","Wide ranging","por-nea","Porbeagle in the Northeast Atlantic ","Porbeagle","Lamna nasus",88,"Large predators","http://www.ices.dk/sites/pub/Publication%20Reports/Advice/2015/2015/por-nea.pdf",1947,2014,1947,2014,,,,,,,,,,,,,,,"Very low","NA","NA",0.2,0.6,1963,0.01,0.3,0.01,0.1,"NA","NA","None","F","OK (RF 13.05.16)"
"Northeast Atlantic","Wide ranging","raj-mar","Rays and skates, mainly thornback ray, in Subareas X and XII (Azores grounds and north of Azores)","Thornback ray","Raja clavata",2059,"Benthic fish & inv.","http://www.ices.dk/sites/pub/Publication%20Reports/Advice/2015/2015/raj-mar.pdf",1988,2014,1988,2014,,,,,,,,,,,,,,,"Low",0.024,0.903,"NA","NA",2003,0.2,0.6,0.01,0.4,2010,2013,"CPUE","F","OK (RF 18.05.16)"
"Northeast Atlantic","Wide ranging","rhg-nea","Roughhead grenadier in the Northeast Atlantic","Roughhead grenadier","Macrourus berglax",331,"Benthic fish & inv.","http://www.ices.dk/sites/pub/Publication%20Reports/Advice/2015/2015/rhg-nea.pdf",1990,2014,1990,2014,,,,,,,,,,,,,,,"Very low",0.08,0.51,0.01,0.4,2005,0.01,0.4,0.01,0.3,"NA","NA","None","F","OK (RF 23.05.16) No ICES update in 2016. r updated"
"Northeast Atlantic","Wide ranging","rng-1012","Roundnose grenadier in in Divisions Xb and XIIc, and Subdivisions XIIa1, XIVb1, and Va1 (Oceanic Northeast Atlantic and Northern Reykjanes Ridge)","Roundnose grenadier","Coryphaenoides rupestris",332,"Benthic fish & inv.","http://www.ices.dk/sites/pub/Publication%20Reports/Advice/2015/2015/rng-1012.pdf",1980,2014,1980,2014,,,,,,,,,,,,,,,"Very low",0.11,0.71,"NA","NA",1990,0.01,0.4,0.01,0.3,"NA","NA","None","F","OK (RF 13.05.16) r updated"
"Northeast Atlantic","Wide ranging","rng-oth","Roundnose grenadier in Subareas I, II, IV, VIII, and IX, Division XIVa, and Subdivisions XIVb2 and Va2 (Northeast Atlantic)","Roundnose grenadier","Coryphaenoides rupestris",332,"Benthic fish & inv.","http://www.ices.dk/sites/pub/Publication%20Reports/Advice/2015/2015/rng-oth.pdf",1990,2014,1990,2014,,,,,,,,,,,,,,,"Very low",0.11,0.71,"NA","NA","NA","NA","NA",0.01,0.3,"NA","NA","None","F","OK (RF 11.05.16) r updated"
"Northeast Atlantic","Wide ranging","salmon-NEAC","Atlantic salmon from the Northeast Atlantic","Atlantic salmon","Salmo salar",236,"Large predators","http://www.ices.dk/sites/pub/Publication%20Reports/Advice/2015/2015/Salmon_NEAC_2015.pdf",1960,2014,1960,2014,,,,,,,,,,,,,,,"Medium",0.13,1.03,"NA","NA",2000,0.01,0.4,0.01,0.3,"NA","NA","None","F","OK (RF 09.07.16)"
"Northeast Atlantic","Wide ranging","sck-nea","Kitefin shark in the Northeast Atlantic","Kitefin shark","Dalatias licha",669,"Benthic fish & inv.","http://www.ices.dk/sites/pub/Publication%20Reports/Advice/2015/2015/sck-nea.pdf",1988,2014,1988,2014,,,,,,,,,,,,,,,"Low","NA","NA","NA","NA","NA","NA","NA","NA","NA","NA","NA","None","F","OK (RF 15.04.16)"
"Northeast Atlantic","Wide ranging","trk-nea","Smooth-hound in the Northeast Atlantic","Smooth-hound","Mustelus spp.",,"Large predators","http://www.ices.dk/sites/pub/Publication%20Reports/Advice/2015/2015/trk-nea.pdf",1993,2014,1993,2014,,,,,,,,,,,,,,,"Low","NA","NA",0.01,0.4,2003,0.01,0.4,0.2,0.6,2008,2011,"CPUE","F","OK (RF 23.05.16)"
"Northeast Atlantic","Wide ranging","usk-mar","Tusk in Subarea XII, excluding Division XIIb (Southern Mid-Atlantic Ridge)","Tusk","Brosme brosme",51,"Benthic fish & inv.","http://www.ices.dk/sites/pub/Publication%20Reports/Advice/2015/2015/usk-mar.pdf",1988,2013,1988,2013,,,,,,,,,,,,,,,"Medium",0.21,0.62,0.2,0.6,2003,0.01,0.4,0.01,0.4,"NA","NA","None","F","OK (RF 28.06.16) r updated"
"Northeast Atlantic","Wide ranging","usk-oth","Tusk in Divisions IIIa, Vb, VIa, and XIIb and Subareas IV, VII, VIII, and IX (other areas).","Tusk","Brosme brosme",51,"Benthic fish & inv.","http://www.ices.dk/sites/pub/Publication%20Reports/Advice/2015/2015/usk-oth.pdf",2000,2014,2000,2014,,,,,,,,,,,,,,,"Medium",0.21,0.62,"NA","NA","NA","NA","NA","NA","NA","NA","NA","CPUE","F","OK (RF 15.04.16) Standardized cpue for 4–5 longliners (<110 GRT) fishing in Faroese waters (criteria: ling & tusk >60% of catch and depth below 200 m). r updated"
"Northeast Atlantic","Wide ranging","whb-comb","Blue whiting combined stock (Sub-areas I-IX, XII & XIV)","Blue whiting ","Micromesistius poutassou ",31,"Large predators","http://www.ices.dk/sites/pub/Publication%20Reports/Advice/2015/2015/whb-comb.pdf",1981,2014,1981,2014,0.48,0.32,1500000,2250000,,0.3,,2250000,,,,0.428,"3 to 7",3965000,"Medium",0.21,1.09,"NA","NA",1995,0.01,0.4,"NA","NA","NA","NA","CPUE","F","OK (RF 17.04.16)"
